id,name
51,کتابسرای تندیس
48,ققنوس
66,نشر نی
42,سبزان
30,پیدایش
1575,صفی علیشاه
1875,اریش
1860,چالش
11,افق
2651,یادواره کتاب
1470,سروش
1988,بعثت
1259,چابک اندیش
1327,نیستان
1358,شهرستان ادب
31,نشر ثالث
1440,لوگوس
1967,دانشگاه تهران
2628,امید سخن
1479,کلید آموزش
1621,مطالعات سیاسی
67,نیلوفر
1111,نشر ویدا
1539,زعفران
1335,حتمی
58,مرکز
2270,جنگل
2097,جمال
3156,تیموری
1497,شهرآب
1478,کلام
1578,قو
2400,دایره المعارف بزرگ اسلامی
1353,اکباتان
1856,موسسه فرهنگی و هنری ماهور
69,هرمس
1483,مهرسا
2018,سمت
1277,فرهنگ جاوید
1131,نامک
85,نیلا
1595,حکمت کلمه
1472,طرح نو
1913,نمایش
9,علم
1837,آئی سا
1873,نشر معارف
2311,آماره
1813,نشر گویا
18,آگه
55,مازیار
87,قطره
1378,هیلا
1195,ابوعطا
1612,کتاب پرنده
2759,خردگان
1312,شباهنگ
2040,یساولی
33,نشر چشمه
1597,موسسه فرهنگی و هنری خراسان
2091,پلک
1375,کتابستان معرفت
1833,عنوان
4451,اطلاع
1337,لاهیتا
1326,محراب قلم
1392,به نشر
1233,ذهن آویز
1910,شبگیر
1361,اردیبهشت
2719,قصه باران
1258,زوار
1308,تمدن علمی
38,دوستان
1786,نشر نظر
1332,دانژه
1330,سخن
1129,معین
62,نگاه
1194,آریانا قلم
1391,بدیهه
1614,کرگدن
1937,آن سو
2368,ما و شما
3097,فن آوری نوین
1210,افکار
1336,بین المللی حافظ
1630,ادیبان روز
47,فرهنگ نشر نو
1781,نشر علی
2469,طلایه
72,کتاب آمه
2341,کتابسرای میردشتی
79,توس
1253,حکمت
12,البرز
1201,بهار سبز
1971,ادیان و مذاهب
2908,مهر و دل
1721,رسا
25,بوتیمار
1438,کویر
28,پرتقال
1492,سپیده باوران
1136,پیکان
2396,دانشگاه شهید بهشتی
1360,صابرین
1362,ارجمند
24,بهجت
1231,روزبهان
1331,سایه گستر
1256,کانون پرورش فکری کودکان و نوجوان
1644,سیب سرخ
1196,هامون
1318,نشر نخستین
59,مروارید
10,افراز
1217,دنیای اقتصاد
54,گل آذین
1587,نویسه پارسی
1246,آموخته
1981,نشر فرهنگ اسلامی
1955,اعتلای وطن
1282,کتاب سده
2448,آبرنگ
1239,فاطمی
2099,ابرار معاصر تهران
1834,بینش نو
1108,قدیانی
1152,پرسش
40,روزنه
3107,دفتر عقل
2738,رسپینا
2070,دانشگاه امام صادق (ع)
2397,گوشه
2601,اگر
1215,هوپا
1153,نسل نواندیش
1447,آوند دانش
1281,فرهنگ معاصر
73,نشر کتاب پارسه
1667,رخداد کویر
2841,آذرکیمیا
1547,میچکا (مبتکران)
1178,سوره مهر
1623,مولف
1835,ورجاوند
2056,دیباگران تهران
1224,آسیم‏‫
1753,طهوری
2603,نای و نی
1436,پل
2245,پژوهشکده مطالعات راهبردی
1760,بوستان کتاب
63,نفیر
1415,نوشته
1254,مولی
1405,فراروان
1427,فارابی
96,مجید (به سخن)
1265,حرفه نویسنده
1186,حوض نقره
81,علمی و فرهنگی
2349,هودین
93,موسسه فرهنگی هنری جهان کتاب
78,نیماژ
1482,مهاجر
1403,شهر قلم
2428,برسم
1315,بتهوون
1829,مرکز نشر دانشگاهی
1208,شرکت سهامی انتشار
1203,کتاب مهربان
1266,نشانه
2048,شقایق
1543,کتاب آبان
1181,مینو
1370,مانا کتاب
1364,نامن
1548,نشر شهر
1156,برکه خورشید
3258,مطیع
1568,خانه کتاب
2470,نگاه آشنا
1334,فصل پنجم
2978,چوچار گیمز
61,میلکان
100,پریان
2260,ایهام
3105,دانشگاه صنعتی امیرکبیر
1397,روانشناسی و هنر
1114,آفرینگان
89,ایران بان
3099,نارنگی
1473,طلایی
1571,دانشگاه مفید
86,اساطیر
1328,ذکر
49,کارنامه
1909,نگارستان اندیشه
1294,سیته
1164,شادان
1142,ناهید
2168,کتابدار توس
1534,پازینه
1814,باهم
1299,نگاه نوین
1296,باژ
1109,آذرباد
1133,درسا
70,هیرمند
2130,سازمان مدیریت صنعتی
1329,فنی ایران - نردبان
57,ماهی
2612,افرا
1494,پایان
1452,اوحدی
1746,ژرف
60,مهراندیش
1173,نگاه معاصر
2985,آترینا
1214,شمشاد
1160,لیوسا
1192,قاصدک صبا
2328,چهل کلاغ
1377,ماهریس
1429,مهر نوروز
1892,ترنگ
2121,برج
3119,مد
1122,دنیای نو
1807,گستره
1858,ساقی
90,اطلاعات
2305,امین الضرب
1763,پارسیک
2768,دورهمی جواهری
1855,اسبار
1824,فکر نو
75,اختران
1822,کیمیا
2688,پی نما
3147,دانشگاه قم
13,امیرکبیر
3166,ویکتور هوگو
2369,سرود
2219,کانون اندیشه جوان
1401,شادگان
2867,همیشه
2483,زرین اندیشمند
2552,بوستان حمید
2713,زینگو
1582,لوپه تو
4319,انتشارات مکعب
1591,آهنگ دیگر
1325,آرادمان
1558,بروج
1471,سلیس
1262,نقش و نگار
1605,صراط
1372,لگا
1670,واحه
1616,گوهر دانش
83,روشنگران و مطالعات زنان
2124,براق
1185,دیبایه
3173,نشر تا
2818,آوای باربد
1414,نگاره آفتاب
1589,المعی
1163,پرسمان
1499,زمستان
1859,اژدهای طلایی
53,کتاب کوله پشتی
2066,عارف کامل
2589,سفیر
2656,مریمان
1408,منوچهری
1861,سخنوران
1137,ترانه
2497,یزدا
1959,مارلیک
1179,بیدگل
2751,ایران شناسی
1118,نشر پنجره
1240,کلک آزادگان
1291,عالی تبار
1580,کتاب طه
1373,مرکز اسناد انقلاب
1338,سرزمین اهورایی
2131,کتاب معنا
1982,آوای نور
1531,بازاریابی
80,فردوس
1684,قصیده سرا
2376,نشر مون
1352,مهرگان خرد
3019,آفرینش
1422,جاجرمی
1888,پژوهشگاه فرهنگ و اندیشه اسلامی
3089,دلتا
2076,اطلس پیدایش
1354,یکشنبه
2550,فکر برتر
35,خوارزمی
2984,انجینو
1596,خاموش
2175,هوانورد
1356,جمهوری
1866,جمکران
3225,انتشارات داژو
1439,اندیشه احسان
2648,کیوان
2317,اشراقی
1872,بصیرت
1533,برف
1456,پیام آزادی
1283,جامه دران
2149,حدیث راه عشق
71,یوبان
1601,زنبور
2314,شهرتاش
2776,پسته خندان
3091,موسسه انتشارات علمی دانشگاه صنعتی شریف
1839,درون
1671,پژواک فرزان
1124,نسل آفتاب
2082,پیام آوران موج نو
4330,دانشگاه شهید باهنر کرمان
1368,شب خیز
3044,نشر کتاب نبات
2152,حماسه یاران
1653,لنجوان
105,تیسا
43,سمیر
2027,کاپیتان
2528,سازمان فرهنگی تفریحی شهرداری اصفهان
1818,نقش جهان
1404,علمی
2225,ذهن موفق
2004,انقلاب اسلامی
1744,سانازسانیا
1914,بذر خرد
1333,خانه ادبیات
1346,بدرقه جاویدان
2075,اسپینا
20,آناپنا
2845,اندیشه مولانا‏‫
2898,گوهر اندیشه
1800,خوب
1188,خانه فرهنگ و هنر گویا
1363,کتاب پرگار
2239,دفتر پژوهش های فرهنگی
1793,رشد
77,نشر نون
32,جامی(مصدق)
1149,سرایش
1306,پندار تابان
1207,آرایان
2962,آوای ری را
2232,طبع و نشر
2605,مشاهیر هنر
2565,پیکره
1544,کومش
1226,پارس کتاب
2395,کتاب مجازی
1127,نشر چلچله
1450,محراب دانش
1419,ویژه نشر
2861,یسنا
2257,نشر آمو
2710,آواهیا
76,فرزان روز
2304,ویرایش
1815,خزه
45,شورآفرین
1537,پیک دبیران
1820,معیار اندیشه
2882,سرو
1635,چاپخش
1885,داستان جمعه
3158,یسطرون
2889,لک لک
1617,گیتاشناسی
1977,شهید کاظمی
104,فرهنگ آرش
1157,راه معاصر
1695,پرنده آبی
2916,مشعر
95,اسم
1344,شیرازه
1159,پاسارگاد
1639,دانش نگار
2677,صاد
2039,کتابکده کسری
2455,پاتیزه
1921,آرشیو روز
2740,کامک
1538,خدمات فرهنگی کرمان
2080,پیله
1319,سرایی
2879,الیپون
1622,موسسه امام موسی صدر
1652,گلگشت
2403,کتاب پارک
1624,ناریا
1530,آریا نوین
1946,فرهنگستان هنر
2150,دیدآور
1168,نشر نوین توسعه
4334,بهدیس
2151,همارا
1220,کتاب سرای نیک
39,روزگار
1435,مس
1804,سنگ
1323,نوین کتاب گویا
1957,فخراکیا
1298,گام نو
1831,گوتنبرگ
1603,سمام
1743,امید صبا
2126,بنیاد نهج البلاغه
2705,هشت
1289,اتفاق
2896,کاسپین دانش
2922,رابو
2618,اوستا
1953,آذرین مهر
1183,دبیر
3048,مجله مروارید
17,آگاه
4386,رامان سخن
1248,هورمزد
1123,پژوهشکده مطالعات فرهنگی و اجتماعی
2356,دانشگاه فردوسی مشهد
4374,آتون کتاب
1206,آشیان
1158,بهنام
1310,طلایه پرسو
2473,آبی پارسی
1202,بهزاد
2599,خیام
3286,سبحان نور
2569,ندای تاریخ
1348,کتاب فانوس
4351,فرهاد توحیدی
1762,مینا
1177,نقد فرهنگ
2802,نویسندگان آزاد
3224,بادبان
2077,السانا
1386,آبشن
1727,شوند
1293,فروزش
1339,حریر
1211,فراروی
1424,معیار علم
1586,نودا
2461,دانش آفرین
1302,آسمان خیال
4410,نارنج
52,کندوکاو
1577,فرین
1117,نشر تهران
1376,مرو
2771,اندیشه نیکو
1200,آسمان نیلگون
4419,هیدیس
37,در دانش بهمن
1235,بنیاد فرهنگ زندگی
1273,کتاب پنجره‏‫
2436,فرهامه
1199,درنا قلم
2847,فوژان
1340,با فرزندان
1322,فرمهر
1169,چکه
1725,فرهاد جعفری
1828,باران خرد
1138,هنوز
1357,ساز و کار
1309,بان
2717,آیین دادرسی
2809,دیوار
1151,میلاد
2123,با هدف
1166,گرایش تازه
1926,هفت رنگ
1801,عطر کاج
1261,شبگون
1442,سما
2940,نقش نگین
1869,ندای معاصر (زرین کلک)
1205,رادمهر
2042,طاهریان
1648,شمع و مه
2231,کتاب روشن
1773,کارگاه فیلم و گرافیک سپاس
1584,مسیر دانشگاه
1313,پارمیس
2105,آوانوشت
2385,علوم رایانه
2302,هزاره سوم اندیشه
2720,آباد بوم
1225,به نگار
1529,آرمان رشد
1301,شمعدونی
2934,باشور
1295,اطراف
1116,زاوش
1609,فام
2679,کتاب بهار
1374,پیام مشرق
2580,مهرستان
3012,بازتاب
1491,کتابیار
3189,آی آی کتاب
1425,روشا
1545,گام
1230,مهتاب
4418,سلام
1412,نشر غنچه
3231,home & design
1663,نگارستان کتاب
1126,نشر آواز
1320,کتاب کوچه
4448,نشر قیوم
2907,چار
1585,موزون
1810,آبادیران
2233,نشر نقره
2513,رسم
1668,ابراهیم هادی
1365,خلاق
1821,مات
3114,دانشگاه خوارزمی
2193,آوای روزان
2617,سلماس
1252,ستاک
1628,یارمانا
1236,گمان
3009,شالگردن
4311,دکسا
1978,یا زهرا (س)
2291,سازمان اسناد ملی ایران
1423,آبنگاه
2647,نور اشراق
1229,دارینوش
2767,اندیشه کهن پرداز
1493,دیدار
2079,بازی و اندیشه
1115,مکتوب
1895,یوپا
2960,ترسیمگران نور
3149,خاک
2894,پیام صنوبر
2785,آراه
1881,چتر فیروزه
1280,اشاره
3167,واش
1490,زرین و سیمین
2758,پارت
1455,پرنده
-1,-1
1864,360 درجه
4421,ادبیات نمایشی
1110,جویا
23,باغ نو
2324,پژوهشگاه فرهنگ، هنر و ارتباطات
1219,همان
1870,آئین فطرت
2103,تیک
2778,شنل
1732,نهادگرا
4350,آویدمند
102,چترنگ
4313,فرهنگ و تمدن
2911,ثانیه‏‫
1420,یاقوت کویر
3096,آداش
74,آشیانه کتاب
91,گیسا
1825,قومس
2197,دلیل ما
1902,نشر گاه
1588,اشک
3041,دالان
2321,راه پرداخت
1536,پیام عدالت
15,آریابان
2556,ژیل
1119,دنیای کتاب
2278,چارسو
2821,آوای آزاده
1434,موج
2218,کتاب فردا
2247,ارکان
1794,ارسباران
4395,ارتباط نوین
1190,ایجاز
1317,نسل روشن
4352,آثار سبز
19,آموت
2666,فرهنگ ایلیا
1742,خرد سرخ
2220,روزآمد
1920,ارشدان
1461,تولد
65,نوای مکتوب
1907,فلسفه
1426,آیدین
4310,مفاهیم
1234,حرفه هنرمند ‏‫
1466,راهبین
2936,الهام اندیشه
1654,مرسل
1243,آویسا‏‫
1528,ابریشمی
1565,ترجمان
2602,برگ نو
1934,تاچارا
2238,گیوا
2745,آراسبان
3140,پیک گل واژه‏‫‬
1394,جغد
2742,بهتا
1193,سایه سخن
1204,صانعی
2179,بن گاه
21,آوین
3090,ناردونه
3271,نشر سنگلج
1218,تیر
1929,کتاب وارش
1936,امرود
1389,آوای مهدیس
1573,شورا
1795,روان
1886,پژواک
1567,چاپار
1572,دوران
4404,کتاب آرین
2781,سروش مولانا
22,بازتاب نگار
2153,خبرگزاری فارس
2870,پرستو قلم چی
2172,پل فیروزه
1673,آرتامیس
1402,شفیعی
1161,وانیا
56,ماهابه
1922,سازمان چاپ و انتشارات
1975,روایت فتح‏‫
2071,بهنامی
1290,پنگوئن
1187,کیان افراز
3297,نشر وزان
4301,لیلیار
1468,سایان
1641,دومان
1877,کلاغ
1222,مانیاهنر‏‫
2139,تلاوت آرامش
2303,موسسه عالی پژوهش تامین اجتماعی
88,پوینده
2038,کتاب هرمز
1130,روزنه کار
4398,هیرمبا
1876,دف
1581,کلام شیدا
1406,فکرآذین
1677,آوانامه
3215,صورتگر
3093,نشر توت
2417,نغمه زندگی
1561,پژواک دانش
1212,مثلث
2856,خانه کاغذی
4442,نیکوروش
1552,امید فردا
1250,بهمن برنا
1594,چیمن
3032,وزن دنیا
1305,دانیال دامون
2866,نشر رهی
1965,کتاب تداعی
1556,آفرینش گر
1701,حمیدا
2104,دانشگاه علامه طباطبایی
2127,بوستان فدک
3016,آثار فکر
1400,سفیدسار (وروجک)
3120,انتشارات ارتباط برتر
2001,فرا
2923,پردیس
2858,نی داوود
2927,حفی
1496,اسرار دانش
1974,وال
2325,طلوع مجد
1549,نوای مدرسه
1184,دایره
1620,مرغابی
2081,پگاه روزگار نو
2968,هزارتو
2560,بزنگاه
1566,جامعه شناسان
2339,پندار قلم
2822,کوهسار
1661,الهام
1904,هنر موسیقی
1874,نوآوران سینا
2164,کانیار
2935,اعلی
3095,انتشارات اشجع
3028,سه نقطه
1237,سولار
1570,خط خطی
2092,عقربه
2459,رویش
4327,سفیر قلم
2576,نارون
1292,ذهن زیبا
2652,ادیسون
1604,سیاهرود
1380,آرما
2574,جام زرین
1221,دات
1792,تابان خرد
1901,موسسه تحقیقات و توسعه علوم انسانی
2836,مرکز انتشارات راهبردی نهاجا
1665,زمینه
1410,میترا
2770,موسسه مطالعات و پژوهش های سیاسی
2125,بنیاد شهید چمران
1223,مینوی خرد
2120,صدرا
2890,رگال
2888,نشر توسعه ایران
2379,فرهنگ مکتوب‏‫
1498,پیک فرهنگ
3069,سوگند
1314,راستین
1819,مرز فکر
46,عطائی
3237,شهر کتابخون
1912,لیان
2479,نیو
2995,شرکت چاپ و نشر بین الملل
3144,نشر مانیان
1989,هنرور
3067,خزان
2458,فیض فرزان
14,اندیشه سازان
1689,فیروزه
1640,دنیس
2335,نظام الملک
2903,کمیکا
1189,آموزه
2676,بادکوبه
2008,آوند رشد
2735,حکمت و فلسفه
1275,آوای چکامه
2526,میانه
1321,ورا
2726,سها
2683,فکر سبز
2431,نیکا
1935,افق بی پایان
1421,آریاگهر
2279,تالیا
2166,کتاب برتر
2026,انسان شناسی
3145,جوینده
2620,نشر آب
1925,گلشن راز
4385,ادبیات
2585,فقه
2711,کتاب کنج
2654,عمران
2527,رهسپاران
1712,اتاق آبی
1583,مبلغان
1324,نشر بهنود
2860,یوسف پوریوسف
2588,بلور
2730,جامعه القرآن الکریم
1387,آستان قدس رضوی
1631,ارمغان طوبی
2477,چاو
1541,فرهنگ و هنر
1347,آفتابکاران
2815,تگ
2630,مرز و بوم
3180,روزنامه ایران
2986,بامداد نو
1797,سینا
2754,هوش ناب
3136,برکه
2918,دامون
3092,نیایش
3006,زحل
36,کتاب خورشید
2812,زرین آرا
2789,داریوش
3056,آذرین قلم
2009,عهد مانا
3045,تاووس
1562,پیام بهاران
1683,قاف
1451,اندیشه عصر
1399,سپهر خرد
2914,هفت و نیم
2925,مان کتاب
1286,مشکی
1890,شاملو
1838,حکایتی دگر
4381,نگارستان هنر
1569,خجسته
2382,جهاد دانشگاهی
2862,نیاز دانش
1267,کتیبه پارسی
1579,کتاب سرا
1842,هورخش
2608,سیراف
1840,زندگی روزانه
1213,قصه
2537,باد
1540,عسل نشر
1297,هستان
84,لوح فکر
2587,نشر الکترونیکی و اطلاع رسانی جهان رایانه امین
1268,سوفیا
2234,امواج آرام
1811,طرح نقد
3030,مجله آتش
2377,کنار
2100,اسراء
2819,شهید ثالث
16,آزرمیدخت
1826,ملک اعظم
1627,نیکبن
2614,کتاب سهیل
2199,ستایش هستی
2491,احیاء کتاب
2500,یوشیتا
2352,سیفتال
1984,پیرسوک‏‫
82,تاریخ ایران
2090,شعاع
2946,کلکین
1182,ابر سفید
2046,گفتمان
3163,زیتون سبز
1284,کتاب نغمه
2883,رف
1176,آزاد مهر
2769,میپل کینگ
2287,سنایی
1854,دمان
2525,قلمکده
2728,نسک
2161,کتاب سرزمین
2253,ابن سینا
1950,جهاد دانشگاهی واحد خوارزمی
1559,بهار
1227,معیار
3077,جهاد دانشگاهی واحدمشهد
2142,تنظیم و نشر آثار امام خمینی
1776,خانه هنرمندان
4406,ترفند
3218,الین
2085,جابیرو
2209,برآیند
4397,لحظه
1780,آرینا
1900,دختر آفتاب
1850,پژوهشگاه علوم انسانی و مطالعات فرهنگی
3005,صمدیه
2061,سایلاو
2072,اقبال
2772,فانوس
1736,عطار
1702,خارپشت
2443,فصل اندیشه
1808,پشوتن
1847,کلاغ سفید
2828,سایه سیاه
1726,ویستار
1502,رامند
3174,نشر گوین
2625,مهرانگیز
3171,باوین کتاب
1303,آتیسا
4423,یکنام
4354,محیی‏‫
1940,جاودانه
2006,بیهق کتاب
3263,نوآوران دانش
1147,پیام امروز
1761,کودکان
4362,دالاهو
1607,علوم ورزشی
1769,امید ایرانیان
1919,انجمن عکاسان انقلاب و دفاع مقدس
2969,گیم باز
2709,سرخ
1871,جامعه الزهرا
2680,یمام
1674,خانه معنا
1857,دوات معاصر
4396,کهور
1351,حکایت قلم نوین
3046,مجله نیم روز
1446,آوای خاور
2392,ذوالفقار
2496,طحان
2837,فدک ایساتیس
1249,آسو
2678,آس
1445,آدینه
1270,پندار پارس
1770,پردیس آباریس
1948,ناقوس
3085,پویش مدام
4339,ادبستان
4392,خوش بین
1656,نغمه نواندیش
2408,سیزده
3013,آده
2655,مستفیل
2594,خط مقدم
1106,هنرکده
1197,جیحون
4432,عطشان عشق
2942,مجنون
3268,فصل نامه فرهنگی هنری آنگاه
2685,آثار برتر
1647,شالان
2787,ارس
1278,یاران
4348,اساطیر پارسی‬
2108,امینان
2504,پارس آوید
3202,سیوان
1180,صبح صادق
4341,ندای الهی
2194,آلاچیق
1165,آوای مکتوب
2307,خط و طرح
1715,پخش کتاب تهران
1645,سیمای دانش
1501,پیام محراب
2169,گویش نو
1489,یوشا
3233,آفتاب مهربانی
1135,سامر
1242,فراانگیزش‏‫
1690,ستوس
4378,آژمان
34,چکاوک
2255,دانشکده صدا و سیما
1228,سیمای نور امید
2073,هنر و فرهنگ
2793,رادیو مثبت
1355,رخداد نو
1125,صدای معاصر
3035,شبکه آفتاب
1757,رشدیه
1263,فنجان‏‫
1883,اتحاد
1382,الماس پارسیان
3029,سپیده دانایی
1806,یانار
1107,کتاب چرخ و فلک
1994,مدرسه
2083,پیرامون
1992,مهرآزما
1897,شرکت گروه مطالعات اندیشه ورزان آریا
2283,رسول آفتاب
1610,فرای علم
1966,فرهنگ صبا
3296,قلم سبز
1619,مایا
2701,راه یار
2991,سی دا
1606,طاهر
2053,بادبادک
2191,تاو
2320,نشر پر
2905,مانیز
2132,بین الملل
1449,الماس دانش
1626,نوبهار
2635,نریمان
1238,نیکو نشر
1973,آراد
2963,فندقچه
2023,ماهین
3060,شمع سحر
4447,ناک
2572,راه اندیشه
2140,دمساز
3063,ماه و پروین
1844,فرهنگ تارا
1457,پیک آوین
2228,نی نگار
3261,کتابستان بر خط
2391,قانون مدار
2357,علم و دانش
2033,یاران مهدی (عج)
1488,هو
4373,واج
4427,گلستانه
1272,شولا
2920,نوای دانش
1755,کتاب آبی
1863,موعود عصر
1954,دانش پژوهان جوان
1963,تجربه
3106,رایبد
2322,سرور کیان
2145,جام جم
2629,مرکز تحقیقات و توسعه سازمان اتکا
1366,نیک فرجام
1998,تعالی
2223,دانشگاه پیام نور
68,هاشمی
2489,مانوش
1756,زریاب
1730,گاندو
1990,گزارش
1969,رخ داد نو
2200,شگفت
4393,آغاز کتاب
2348,بورس
1638,دانش زنجان
2230,پاپلی
1782,توسعه فرهنگ و روانشناسی تهران
2160,صهبا
2532,موسسه عالی آموزش و پژوهش مدیریت و برنامه ریزی
3242,انتخاب بهتر
3036,قلم یاران
2204,دایره سبز
2240,توتیا
2330,دارالفکر
2880,رسن
1343,وستا
2660,ایده خلاقیت
3228,متن در متن
2591,پارسیان دانش پندار
4431,قالان یورد
4424,دوایر
2354,نصیرا
3198,آفرینش نیک مان
2596,پایتخت
1745,معارف انقلاب
3081,راه رشد
2989,مهرگان دانش
3055,گام اول
2703,اندیشه ارشد
1487,هنر پارسینه
3047,فرهنگ امروز
2949,نامه ی پارسی
4358,یاس نبی
1666,بیان روشن
3026,بخارا
1642,راز بارش
1244,مهرویستا
3074,ترنج مهرآیین
3033,مترجم
3025,نشر انسان
2937,امام موسی صدر
1480,کلیدر
2212,میزان
2165,خوزان
1576,فرزین
1849,دیرمان
3194,پژوهشی نوآوران شریف
4384,ابتکار نو
1771,آینده درخشان
2804,آفتاب غرب
2684,حلال
4400,جهان سترگ
3027,انتشارات گندمان
2555,کارگاه کودک
2292,راوشید
1448,اخوان
44,شور
1958,موسسه تاریخ ادبیات کودکان
1171,هنر پارینه
2155,دارالحدیث
2531,عصر روشن بینی
1882,شهر قصه
1633,پاورقی
2801,دید مثبت
2326,نوید شیراز
2419,اندیشه های گوهربار
1706,چی چی کا
2288,وثوق
1758,ناصرالدین
2235,فاتحان
2032,ساوالان
1613,کتاب مرجع
3203,آمه
3039,شیرازه کتاب
1899,دانشگاه جامع امام حسین
3176,شما‏‫
2188,کهکشان دانش
1956,میرماه
1600,رسش
1444,آبانا
2975,دهکده بازی
2113,آرام دل
2323,ترمه
3082,بازاندیشی
1649,فلات
1879,رود
29,پگاه
2263,یزدان
2138,تصنیف
2107,الگو نگار پیشرفت
3098,انتشارات کرمانشاه
1128,نشر متیس
2364,اختر
2275,آیلار
2502,الینا
3211,نائیری
1120,رایحه اندیشه
3146,دانشگاه صنعتی نوشیروانی بابل
2189,سهروردی
2706,راه طلایی
2900,دانشگاه صنعتی اصفهان
1287,جاودان خرد
2943,موسسه پژوهشی حکمت و فلسفه ایران
2222,نشر شاهد
2174,هنر نو
1703,آوای هانا
1696,نظاره
2842,نشر مان
2290,مولفان فرهیخته
1551,استاندارد
1134,تمندر
2554,ایرمان
2254,همشهری
4359,هوشمند تدبیر
3264,بیژن
1500,خانه تحول
1942,نزدیکتر
2035,سخن گستر
2881,منشور سمیر
1672,بخشایش
1947,مکتوب آخر
3206,دگر ساز‏‫
2777,آرون
1350,آنیما
3086,خانه فرهنگ و هنر مان
2746,یاد آرمیتا
1662,طاعتی
2464,مرکز آموزش مدیریت دولتی ریاست جمهوری
2243,تراث
2192,نظری
2389,جمال هنر
2484,کلک زرین
1288,نگارینه
1731,اشراق حکمت
2211,قرآن و اهل بیت نبوت (ع)
1754,انجمن شاعران ایران
2832,ترنجان
2143,تولی
1615,کیاپاشا
3205,تراژدی
1803,دانشگاه هنر
2928,عصر اندیشه
2670,نو نوشت
3073,کتاب خوانا
1592,آوای اندیشه
3113,دانشگاه آزاد واحد تهران مرکزی
2409,مهکامه
4307,سنجاب
2570,سمندر
2440,هشت کتاب
2433,نشرا
1144,نقد افکار
2248,عروج
4337,انتشارات شاهدخت
4377,کیوی
4409,فرشتگان
1962,نشر ژاله
2159,میراث مکتوب
2951,راز معاصر
2360,نشر آجا
2891,لوح دانش
2763,ایده پردازان چکاد
1802,مرکب سپید
2983,Aco Toys
1722,ماه و خورشید
4324,آیین فطرت
1778,راه مانا
3072,نشر میم
2289,زرنوشت
1708,نفس
2741,بازی پارک
2313,کشاورز
3133,آیه نور
3037,مجله برگ هنر
2337,سنجش و دانش
2401,آفتاب اندیشه
2762,پارس مدیا
2490,علم نو
1367,دریچه
1774,پژوهه
4303,دو ماهنامه ی فرهنگی و هنری روزآروز
3141,اندیشه کارمان
2119,مجد
2449,پنگوئن آبی
2353,شانی
2834,پلات
2276,مهر کاویان
3038,مجله کاروان
3253,ترگمان
3118,عابد
2786,چهل طوطی
1719,کتاب پرواز
2312,سازمان جغرافیایی نیروهای مسلح
3217,بذر افشان‏‫
2236,مدیران
2412,اعجاز علم
2390,نشر میم
2533,راز نهان
2681,ربیدان
2597,دادکین
4366,صبح امروز
3222,مجله طبل
2336,متخصصان
3227,وراقان
2675,نگین بستان
2014,برات علم
1564,پیک بهار
2545,نادریان
2561,موسسه بنیاد فرهنگی مهدی موعود (عج)
2906,افکار جدید
1174,موسسه فرهنگی هنری نوروز هنر
2886,فرهنگ زبان
1952,ایران جام
2402,دانشگاه آزاد اسلامی
4450,دید
2893,دش نوت
1172,پینه دوز
1767,نگار گران
3184,دوجلدی
2557,دارالاعلام لمدرسه اهل البیت (ع)
3226,Andrews McMeel Publishing
2520,دنگ
4401,میراث اهل قلم
1255,شاپیگان کتاب
99,افق دور
2826,هزاره ققنوس
2170,احمدی پور
1676,موسسه مطالعات راهبردی علوم و معارف اسلام
4402,غلامی
1307,زرین
1145,ناژ
4318,این جا میان شهر
1796,گلمهر
3064,بنونوت
4408,موسسه فرهنگی هنری امامت اهل بیت(ع)‏‫
1906,عفت
2593,اورنگ
1894,زمان
2498,اول و آخر
1960,نشر توسعه
2803,خوانه
1209,البرز فرادانش
4433,مسعود شفیعی اردستانی
2229,میعاد اندیشه
2773,نامه مهر
4445,تبسم
2653,آذرمیدخت
2632,دانیار
2306,انجمن آثار و مفاخر فرهنگی
3234,سلسله مهر
2030,شادیاخ
2242,آییژ
2722,تات
2106,شناسنامه
2370,پرهام نقش
2523,خورشیدباران
2613,مدیر سبز
2583,دیار آفتاب
2794,سایه نیما
3235,دانش ماندگار عصر
1371,فاصله
2568,کراسه
2261,بامداد کتاب
2309,مکتب حاج قاسم
2817,آوام سرا
2063,آرنا
1563,پیک ادبیات
2687,هاوار
2293,پژوهشگاه حوزه و دانشگاه
2147,واژه پرداز اندیشه
1735,کتاب مهناز
2945,آب خست
2824,کران
2163,عماد فردا
1167,مهر دامون
1463,خاتون
1659,آدمیت
2696,باغ آبی
2195,مانیا
2633,فرادید نگار
3127,لیلة القدر
2864,نیما عربشاهی
2878,ندای آریانا
2430,آکادمیک
2399,سامان دانش
2748,کتاب خروس
1805,بدون
2384,ترآوا
2358,دهکده هوسم
2136,پیام نوآور
1891,تریتا
1788,گلریز
2435,دانو
1752,موغام
3197,استاد
2414,کومه
3229,شاهق
2319,قایق کاغذی
2551,تجربه نو
2921,ماهوت
3208,بنیاد حکمت اسلامی صدرا
2190,چندگاه
2359,آیت اشراق
1832,سپهر ادب
1535,پردیس دانش
3011,آبادیس طب
2999,تفکر آینده ساز
2534,قاب
1697,توفیق آفرین
2756,نشر امضاء
2333,علم معمار
1749,نیریز
2508,آگه سازان
2708,بارانا
1841,مضمون
1341,افرند
2207,یاران مهر
2041,کوشش
2897,نیلاب
4345,آمیس
2954,دانشگاه علم و صنعت ایران
4326,بنیاد قرآن
1939,نخبه سازان
2699,مکارمی
3065,شهاب ثاقب
4322,کتابک
1930,آواژه ابریشمی
2727,بایگانی
3131,نشر مدید
1812,امید انقلاب
3201,تنعیم
1862,گهرشید
2252,فکر روز
3079,پوشه
4342,میرانا
2340,فرهوش
2932,مه در
2472,ماهرنگ
1618,ماوشما
2052,بلخ
3031,اندیشه پویا
1698,فرهنگ مانا
2285,ماه ریز
1704,آفشید
1495,متفرقه
3100,خاور زمین
3159,نشر پله
2186,جوانه رشد
2538,سفیر اردهال
2835,امتیاز
2563,سعید نوین
2558,منشور صلح
3002,دایره سفید
1634,جیکا
1931,استاد موسوی
1485,نقش قلم
3130,زمزم هدایت
2221,ابراهیم
2019,مبشر
2514,رونق
4347,خرمن
2044,کارنگ
1678,اروند
2156,دارخوین
2375,مرکز تحقیقات سیاست علمی کشور
1443,بانژ
4383,نشر ثانی
2488,تمرین
2133,پرستا
2582,پرکاس
2022,دایره دانش
2973,بازی کن
2005,دیدمان
2919,طرح آینده
1738,وایا
4356,حداد
2517,چکامه
3223,آزما
3278,مرندیز
2411,راشا
2365,حیدری
2101,هزار کرمان
2857,کتاب ماد
2185,ساکو
2297,نقش آفرینان بابکان
3132,تالیف
1915,شرکت چاپ و نشر بازرگانی
4306,نشر هنر و علوم دانشگاهی
3182,کتاب باز‏‫
2993,بامداد
2116,آوای قرآن
3275,روایت نو
1113,منظومه خرد
2096,کانون نشر علوم
3068,رخ مهتاب
3008,فرافر
2729,نو سده
3076,پنج خط
2495,همگو‏‫
2135,پیام آزادگان
3061,کتابخانه دانش
2966,ارم‏‫
1660,نگاه امروز
3287,آمازون
1274,جوانه توس
3219,پروچستا
1349,بدیل
1997,منادی تربیت
2425,انتشارات امام علی بن ابی طالب (ع)
2295,شباویز
2884,انتشارات دانشگاه تبریز
3157,پناه
1783,مهر و ابر
2958,بوم سفید
2598,بنیاد پژوهشهای اسلامی
2267,تولید علم
2310,فلامینگو
2747,لوح محفوظ
2413,کیومرث
2760,هلال نقره ای
4360,شاپیکان‏‫
4332,نشر گهگاه
1669,مهارت های زندگی
3084,نبض دانش
2507,سروش دانش
1759,روانشناسی جامعه
2567,سماء قلم
1733,پاگرد
2573,نگر
1968,شریف
3109,موسسه بنیاد آفرینشهای هنری نیاوران
3186,نشر ادامه
2733,دانشگاه عدالت
2416,فروغ
2474,آسمون ریسمون
4331,میراث فرهیختگان
1658,یادآوران
3034,مجله رود
2203,عصر داستان
2494,مرکز مطالعات و تحقیقات رسانه ها
1139,کتاب ایران
2964,وگبوند
1369,مهرفام
3080,بیتا
3247,حدیث قلم
3007,نشر تاش
2213,علمیران
2649,چهرزاد
2415,رد پا
2383,آئینه جنوب
2028,جمال الحق
2000,نادر رضایی
1784,تنزیل
2316,حکمت شادان
2134,پژوهشگاه علمی تخصصی شهید صدر
2210,شادن پژواک
1636,حافظ نوین
2559,ماهک
2850,دانشگاه محقق اردبیلی
2154,خیزش نو
1251,نشر داستان
1432,مینیاتور
1191,گاج
2695,دانشگاه معماری و هنر پارس
2334,برایند پویش
2549,رشد آموزش
2109,اندیشگاه فناوری های نوین
2196,فرتاب
2541,فراموشی
2566,لب المیزان
3135,اندیشه آگاه
2439,تازه ها
4379,نگین پارسه
2422,علمی پارسیان
2043,نص
2020,مبین
1893,توسعه دانش و پژوهش و فناوری فرزان
2158,مردم سالاری
4302,آوای برگریزان
3272,نشر مسین
2948,خنیاگر
2346,هرمان
2522,مرکز تحقیقات رایانه ای حوزه علمیه اصفهان
2852,کنگره
4420,گواهان
2606,رومیز
2258,رهنج
3015,غزلسرا
4429,پرچین
1477,کتابسرای بیان
3104,انتشارات بید
2280,گردون
2049,راشین
2806,فرهیختگان عصر هنر
2177,رشدآوران
3238,واژیران
2444,سپینود
4349,موسسه فرهنگی مطبوعاتی ایران
2262,مهد فرهنگ
2475,تماشا
2976,سرزمین شمشیر و قلم
1385,هونار
3058,آسوبان
2750,نویسندگان پارس
3161,دانشگاه اصفهان
2051,چارچوب
2406,تمهید
2445,میراث خورشید
4415,ارمغان گیلار
3102,انتشارات اعتماد قلم
2036,سپید برگ
2002,پژوهشکده باقرالعلوم (ع)
1709,سایبان
2015,آوای دانش گستر
3059,نشر پازل
3262,بوی کاغذ
2548,کلهر
2664,مبنا
3017,ستارگان درخشان
2512,فرنو
2180,به آفرین
2405,همراه
2447,میان
3293,اردوی سوره‏‫
3239,خیال انگیز
1986,کلک معلم
4389,آهور
2112,ایمان ماندگار
1664,همایون آثار
2347,سپهر
1632,برگ نگار
4430,گالوس
4412,منشاء دانش
2462,روان سنجی
1846,فرهنگان
3054,فرزانگان دانش
4367,افق ملک
3071,نشر شهاب الدین
4441,نفحات
1141,ب‍ی‍ان آزادی
2122,کاوشیار
1687,توسعه کتاب
2805,نوار
2941,شهد علم
2757,حباب
2487,وفاجو
4336,هوما
1976,تقدیر
2329,حم
2141,تناوش
4312,جهان فن
2902,سمرقند
2626,رازگو
3101,موسسه فرهنگی هنری البهجه
1949,کتاب فرزانه
2546,فر قلم
2800,فرهنگ مردم
3164,دانشگاه بوعلی سینا
2524,دانشگاه علوم اسلامی رضوی
3078,مجله ادبی نوپا
2775,گفتمان خلاق
2421,رشد فرهنگ
2102,خانه زیست شناسی
2463,حاذق
2965,هوگر
2865,روزی نو
3292,فیل
2227,موسسه آموزشی و تحقیقاتی صنایع دفاعی
2753,دیاران
2511,فرهنگستان زبان و ادب فارسی
1685,زیتون
2146,جام طهور
1868,آذربایجان
2410,لویه
2924,کتاب صارم
1682,صریر
2380,دارالعلم
3169,انتشارات آنجا
2616,کتاب باران
2064,پیک مشاور
2996,خط سوم
4437,نشر لنا
2094,ارمغان
3075,دوژه
2078,آتی نگر
3255,دانشگاه تربیت مدرس
2584,هلیله
2442,سوره سبز
2217,کیهان
2308,پژوهشکده بیمه
2437,رهنما
2058,مهری
2718,فرهنگستان علوم پزشکی
2013,ماه نو
2796,سکر
2269,فراز
2074,نگاه دانش
1790,فرجامین سخن
2374,طراح
2595,موسسه تالیف ترجمه و نشر آثار هنری متن
2967,سور
2846,انتشارات حک
2650,گنج دانش
2423,مرکز تحقیقات استراتژیک
2571,سورا
1827,آلوس
4305,بال
2519,کلبه سبز
2010,اولکر
4387,آموزش و ترویج کشاورزی‏‫
2851,علم کشاورزی ایران
2476,آموزش برتر
1916,هاتف
3121,نوید ظهور
2553,سپهر دانش
4325,تخت جمشید
2465,وزارت امور خارجه
4452,ادبیات معاصر
1276,لیدا
2814,دل آگاه
1845,گسترش فرهنگ و مطالعات
2977,بانک ملی
1943,بارسا
2811,جهان نو
4407,آموزش فنی و حرفه ای مزرعه زرین
2698,طرحواره
1991,محقق
4426,اندیشه کهن
3210,کومینو
1657,نقش گستران سرمدی
2691,عصر کنکاش
1896,انتشارات تیرگان
4369,نگار تابان
1257,پارسیا
3240,جهانتاب
2979,فاکس گیم
4425,فردا
2294,آرشا
1453,ایده پردازان
3276,دیده بان قلم فرتاک
3154,انتشارات یک فکر‏‫
1830,دنیای جغرافیای سحاب
2912,خط تیره
2407,صفر تا صد
2673,پژوهشگاه میراث فرهنگی و گردشگری
3003,آبشار
2137,تحسین
2315,در قلم
2274,دیگر
2830,آماندا
2779,اردکان
1170,نشر هزاره سوم
2744,فرزانگی
2017,کاری نو
1996,موسسه آموزش عالی علمی - کاربردی هلال ایران
1264,پارو
2432,آفرینه
2215,نور علم
4428,دانشگاه شهرکرد
1345,موسسه مطالعات تاریخ معاصر ایران
2037,ام‍ی‍ن ام‍ی‍ن‍ی
1599,راهنمای سفر
2184,پارسیان البرز
1675,سیوا
1460,توسعه آموزش
2031,دیموند بلورین
4444,زندگی نو
4346,پژوهشکده فرهنگ و هنر اسلامی
1972,الهدی
2454,افسون خیال
2761,منصور صانع
3291,نخبگان
1481,گل آفتاب
2420,انجمن سینمای جوانان ایران
2668,صفار
2831,نور دانش
3207,حدیث نینوا
3049,خوان
1775,بهشت
3179,بارلی‏‫
2615,آنیش
3273,پژوهشگاه علوم و فرهنگ اسلامی
1681,ملورین
1911,ره آورد هنر
2237,عطاپور
2296,نوآور
3221,پژوهشکده حج و زیارت
3122,نشر جوف
2281,رایزن
2182,نارگل
2782,شناسا
4329,فیض کاشانی
3165,Simon and Schuster
3051,هم آواز آهنگ
3088,پرهیزکار
2540,کتیبه زرین
2848,برتراندیشان
2873,انتشارات کارآفرینان بزرگ
2700,زلال
2265,قانون یار
2959,ایراهستان‏‫
2427,ورای دانش
3193,Hodder & Stoughton
3138,یادواره اسدی
2361,رایاگستر
2663,کاشی
94,مسافر
1454,پخش جوان
1867,واشقان
4390,الکا
1260,دیلماج
2268,ژینو
2167,کتاب یک
2643,مهرسمان
2089,زیبا
50,کاروان
2956,کتابسرای اهورا
2157,دفتر انتشارات اسلامی
2045,دهگان
2499,پژوهشکده نظر
4333,نشر دریافت
2799,آرسا
3274,مکتب خانه
1917,ناس
4340,پیشگو
2069,خوشخوان
2481,شایا
2363,هلال
2765,رنگینه
2111,اوج
2181,ترانه پدرام
3125,افست
3021,نسیم دانش
2622,سیمای پارسا
4315,حسابدار
2110,انصاری
1887,فرهنگ کاوش
2224,حسینی اصل
3139,انتظار مهر
3190,نوش آفرین
4417,زمان تغییر
2471,دانش ایران
2503,رستا
3116,انتشارات رافع
1970,کهکشان علم
1593,توکا
4321,ستاره ها
3254,چوک آشتیان‏‫‏
1710,آوردگاه هنر و اندیشه
3192,آوای بستان
2343,امکان امروز
3155,نشر هست‏‫
1462,تیمور زاده
2251,شلاک
3209,نور مطاف
2915,مشق شب
2997,نشر مطالعات بینا رشته ای
3150,هنر معاصر
2644,انجمن خوشنویسان
2468,خط ناب
3087,نیک نام
2115,آموزش
2128,بیان معنوی
2060,سازمان شهرداری های کشور
2795,خالقی
4355,یاسما
2607,موسسه آموزشی و پژوهشی امام خمینی (ره)
3172,دادگستر
2704,آتریسا
2249,کیمیا اثر
4388,پروین
3153,خانه صنعت معدن و تجارت استان کرمانشاه
1884,مهر نیوشا
4380,ایشکا
1843,سخنکده
2129,آراج
3022,باران بهار
4436,برگ
2766,سروش پایا
2674,آزادگان
2659,کمیته ملی المپیک جمهوری اسلامی ایران
3283,آیندگان
2480,کعبه دل
2482,کتابداران
2460,پرثوآ
2286,نقش خورشید
2755,دستخط
1748,م.مودب پور
2972,هزار برگ
2214,سیمرغ
3023,آواخورشید
2366,عصر جوان
2162,آفتاب گیتی
2646,زهره علوی
2970,نیاسا‏‫
2183,گلبانگ
2544,صحرا دریا
2562,مرسا
2784,اعتماد
2930,باغ آینه
2702,سپید
2387,دیباچه
2367,آوای منجی
2542,شهر خورشید
2088,دانشگاه یاسوج
2535,هرم
4361,مرکز مطالعات و برنامه ریزی شهر تهران
3290,برید
2404,ارغوان
3214,گل آرا
3052,نوفه
3168,سیادت‏‫
2034,حقیقت
2529,فرهنگ گستر
1484,ناژین
4353,تصمیم
2825,استهبان
2840,مرکز نشر دانشگاه شیراز
2739,تمدن نوین
2780,چشم انداز قطب
2394,شیرین
2971,توانمندان
2872,سازمان زیباسازی شهر تهران
2543,سیب سفید
2636,برج بابل
2332,قدسیان
2642,جیسا
2226,خرسندی
2299,آرمان نسل نو
2021,پژوهنده
2114,آفتاب توسعه
4446,شهیدی
2054,سالکان
1555,آفتاب هشتم
2206,پشتیبان
2506,سناء دل
1155,رویای سبز
2344,همگرا
4422,دانشگاه فرهنگیان
4328,انتشارات سانی
4440,نبش استور
2007,وزیر
3284,نواندیشان دنیای کتاب
4375,فبک
1148,الست فردا
2944,دانشگاه شهید چمران اهواز
2637,آسمان کتاب
2173,ندای کادح
2788,ظهور فن
1987,کوزه
2764,ترنجستان
1475,کتابدرمانی
2913,افق اندیشه
1279,صادق هدایت
1878,نشر مرتضی
2974,آلباتروس
1938,اندیشه عالم
1985,ن‍ور ال‍زه‍راء (ع )‏
2724,یاقوت علم
2450,مرمر
4399,نگارش
2672,انجمن اولیا و مربیان
4368,ابتکار دانش
2604,امین آتنا
1431,آوای سورنا
3178,لوتس
2216,آثار گیتی
1889,دار الحدیث
1933,فارسی
4344,چهارحوض
3126,فن آوران
3053,کارگاه آموزشی و سرگرمی رنگین کمان
2371,زعیم
2564,گیومه
3232,سپاس
1241,گنج معرفت
3152,آوای سرزمین جاوید
2820,پیام رسان
3066,بیژن یورد
3301,خانه پژوهش
2272,ابجد
2453,آوای ظهور
3266,آها
4317,تحقیقات آموزش کشاورزی
1993,امیرحسین یزدانیان پور
2298,آرامش
1853,فراگفت
1459,تمیشه
3110,نور سخن
2610,هرست
1799,تغییر نگرش
1693,ریواس
1923,تلاش
2246,مخاطب
4391,نشر ده
1247,شفاف
1791,او
2798,فراروان شناسی
2844,هفت اقلیم هنر
2725,نو بیان
2478,یارا
1469,سپنج
1932,هزار افسان
2611,مانی
2859,راه دان
1433,کارگاه نشر
2961,سازمان بهزیستی کشور
2947,وزرا
2868,دفتر مطالعات جبهه فرهنگی انقلاب اسلامی
2117,پیام
1428,ریسمان
2355,آتنا
2338,عصر کتاب
41,سالی
1905,اقتصاد فردا
2331,سرافراز
2318,کیاراد
2373,خاطره
1143,قاصدک‏‫
2547,موسسه فرهنگی هنری دین و معنویت آل یاسین
2931,همای هنر‏‫
3243,فراهنر
1945,کوشنده
2792,ارشد
2939,کتاب یار مهربان
2980,فان تایمز
2456,بنیاد موقوفات دکتر محمود افشار
2372,سازمان میراث فرهنگی کشور
2749,نیل آی
2899,فرهیختگان دانشگاه
2887,سیمای شرق
2118,آوای کتاب پردازان
3137,آریا دانش
4338,نقد اندیشه
3024,نشر مهربد
2791,نشر سایه
2003,زینی
1983,چشمه سار
2388,آی نور
3236,گوی
2198,مهرکلام
2029,آراسته
3183,بیستون
2485,دیدگاه
2892,بیشه
1718,فیروزی
2712,بهداد
2953,اشتیاق نور
2438,کتاب مهر
1980,رسانه تخصصی
2386,شهر پدرام
2264,سارگل
2854,نوخسروانی باربد
2952,میراث ماندگار
2515,دنیای تصویر
2284,سرای عدالت
1979,دانشگاه سمنان
2774,سزاوار
2869,باغ مرمر
2446,زهیر
2062,شهیدی پور
1342,خسرو و شیرین
3083,آرمان نوباوه
2797,مبانی
2342,انس
1836,ساحل
2586,مرکز پژوهشی و آموزشی کوثر
2011,اندیشه نو
2059,ایثارگران
3115,کتاب های ستاره‏‫
2623,مکتب پناه
4439,گاثاها
2657,دادبه
4363,اورازان
1707,مدرسه نویسندگی
2300,پیام مقدس
3248,موسسه پژوهشی تاریخ ادبیات کودکان‏‫
3162,تک رنگ
2012,مناجات
2957,افزون
2627,شکوه مارال
3259,عطران‏‫
2579,قلم مهر
1951,نوگان
2187,لاهوت
2429,ماکان
2575,شکیب
2282,رسانش
2205,صالحیان
2665,هیمه
2671,قهوه
3285,سفیر خرد
2631,دانش پرور
4434,راه نوین
3299,نسیم کوثر
2901,فدرا
1995,شرکت رسانه ساز دانش
2592,گرافیک
2721,رستگار گیلان
4343,انتشارات نو آزما‏‫
3143,ضریح آفتاب
2876,آفتاب
2057,آذران
2516,انور کتاب
3216,نیک مهر
4309,سرمشق
2536,نکیسا
1941,کلیم الله توحدی
1285,سکوی پرتاب
4403,نغمات
3004,هفتان
1999,میرسعیدی فراهانی
2087,هنرنگار
2737,چارسوی هنر
2590,مزینانی
1304,راه تعالی
3256,دفتر تبلیغات اسلامی حوزه علمیه قم
1903,موسسه انتشاراتی امام عصر (ع)
2853,دی نگار
3246,موسسه فرهنگی هنری پژوهشی تاریخ ادبیات کودکان
2609,سپنتا
2743,طنین دانش
4416,زی
2694,پژوهشکده فلسفه و کلام اسلامی
2492,الف. لام. میم
2910,مدرسان شریف
3288,آناناس
3123,بنیان اندیشی شرق میانه
2849,کتاب ریرا
2378,آسمان نگار
2904,آگاهان ایده
2067,سرای کتاب
1232,اندیشه معاصر‏‫
2982,گیاه جوان
2093,هراز
2988,نوروزی
3170,دارالحضاره الاسلامیه‏‫
3270,آروین نگار
2055,ماندا کتاب
2273,مدبر
3042,انتشارات چاپ عصر
2509,موسسه فرهنگی درسهایی از قرآن
2790,پژواک آرمان
4371,موسسه فرهنگی داده ای طلایی خلیج فارس ایرانیان‏‫
2202,دانشوران رشید
2050,خورشید آفرین
2505,فرهنگنامه کودکان و نوجوانان
2736,کتیبه نوین
2467,زرباف
2016,یاد بانو
2829,نامه سفید
3148,بنیاد ایران شناسی
2885,آزاده
2208,انتظار سبز
2266,بیان هدایت نور
2098,دستان
1918,پیروزان دانش
2250,موسسه خیریه آموزشی فرهنگی شهید مهدوی
4323,علیون
3204,سارنگ
4443,داهی
2929,رهام
1646,شاپرک طلایی
1311,شیرمحمدی
2178,باران میشان
2068,مهر سجاد
2024,آسمان علم
2871,سپهر اندیشه
4449,دانشگاه گیلان
2955,تدبیر روشن
2875,موسیقی عارف
2926,کتاب زندگی
3014,کتاب تحریر
2658,موسسه حفظ آثار و نشر ارزش های دفاع مقدس
2734,آذرفر
2518,آموزش نوآموز
4320,دانشگاه کاشان
4316,نشر کتابدار
1789,موسسه مطالعاتی حامیان فردا
2938,نشر موسیقی هرمس
2362,دارالکتب الاسلامیه
2600,آبانگاه
3020,خانواده سالم
3103,خبرگزاری تسنیم
2992,آهوک
3281,مرکز بین المللی ترجمه و نشر المصطفی(ص)
3244,قلم زنان‏‫
2047,فریور
2452,دانش پذیر
2950,ساوالان ایگیدلری
4413,ایران شناخت
2084,پیشبرد
2810,فروهر
3280,نبوغ
4364,روزاندیش‏‫
3267,فصل هفتم
1154,بزرگمهر
2697,ژنگ
3187,کتاب ماه
2466,اوسان
3294,فرهنگ و هنر صادق
2863,اشک یاس
64,نگار و نیما
1848,اورکا
4308,مرز دانش
2148,خودرنگ
3282,موسسه فرهنگی هنری قدر ولایت
2827,انجمن ترویج تغذیه با شیر مادر‏‫
2065,آوای موفقیت
1747,کتاب گستران امروز
2621,هامون نو
3175,نسیم رضوان
2783,بیژن پاکزاد
2418,پیک ریحان
2201,آذریون
2350,بوعلی
1713,مهماز
2301,نواندیشان آریا کهن
4372,آوای کلار
2661,نشر نقطه
2987,بیان دانش
2381,مکتب الحسین (ع)
2874,اکبرزاده
3111,فرهنگ گلبهار
2451,چهارباغ
2634,چتر دانش
2486,عقاب طلایی
4382,نیلفام‏‫
3018,موسسه ایران
2501,تالار کتاب
2398,شب چله
2909,علم و حرکت‏
2981,دارکوب
1146,مدحت
2917,نصایح
2345,کیان رایانه سبز
2578,امین نگار
3108,هوای تازه
2682,نشان نوشت
1880,هوناز
2707,دنیای مادر
2692,افرود
2539,سرخدار
2581,کاوش پرداز
2693,پادینا
1598,داستان سرا
2577,ناقوس فرهنگ
2144,تی تی پول
2244,کتابخانه فروردین
2241,کتاب خرداد
2690,تصویر ایران
2855,مرکز موسیقی حوزه هنری
2813,نشر دانشگاهی کیان
