,tag
0,ادبیات انگلیس
1,ادبیات معاصر
2,زندگی نامه
3,ادبیات واقع گرایانه
4,دهه 2010 میلادی
5,بزرگان اندیشه
6,فیزیک
7,صوتی و تصویری
8,سریال
9,ادبیات داستانی
10,مجموعه داستان
11,داستان کوتاه
12,ادبیات ایران
13,ادبیات کانادا
14,تجارت و کسب و کار
15,داستان تاریخی
16,ادبیات کودک و نوجوان
17,دهه 1990 میلادی
18,کتاب کودک
19,کتاب نوجوان
20,تاریخ جنگ جهانی
21,روانشناسی
22,علمی
23,مدیریت
24,آموزشی
25,ادبیات آلمان
26,تاریخ ایران
27,دهه 1980 میلادی
28,کتاب مصور
29,رمان
30,تاریخی
31,ادبیات چک
32,سیاسی
33,جایزه ی فرانتس کافکا
34,مجموعه مکاتبات (نامه ها)
35,فهرست برترین مجموعه نامه ها
36,دهه 2000 میلادی
37,تعلیم و تربیت
38,تاریخ انگلستان
39,زنان و فمنیسم
40,موسیقی
41,طنز
42,فلسفی
43,رهبری
44,دینی و مذهبی
45,ادبیات آیینی
46,اقتصادی
47,بازار سرمایه - بورس
48,کتاب صوتی
49,خودپروری و روانشناسی (صوتی)
50,داستان فانتزی
51,ادبیات آمریکا
52,ادبیات نوجوان
53,داستان وحشت
54,داستان ماوراء الطبیعه
55,جایزه نوبل ادبیات
56,جایزه پولیتزر داستان
57,ادبیات کلاسیک
58,دهه 1960 میلادی
59,داستان علمی تخیلی
60,زبان اصلی
61,سلامت
62,دهه 2020 میلادی
63,تغذیه ورزشی
64,علوم انسانی
65,آموزش زبان خارجی
66,آموزش زبان ترکی
67,مهارت شنیداری
68,مهارت گفتاری
69,مهارت خواندن
70,مهارت نوشتاری
71,مقدماتی
72,داستان کمدی (طنز)
73,سرگرمی
74,داستان عاشقانه
75,پرفروش ترین کتاب های نیویورک تایمز
76,فرهنگ لغت
77,ادبیات کهن
78,هنری
79,باستان شناسی
80,شعر ایرانی
81,شعر طنز
82,دهه 1870 میلادی
83,داستان دینی
84,ادبیات اتریش
85,ارتباطات
86,رسانه
87,دهه 1940 میلادی
88,ادبیات رومانی
89,ادبیات جهان
90,جملات قصار
91,ورزشی
92,فوتبال
93,پرافتخارترین کتاب ها
94,ادبیات نمایشی
95,جایزه ی پولیتزر نمایشنامه
96,نمایشنامه تاریخی
97,جایزه ی نمایشنامه ی حلقه ی منتقدین نیویورک
98,جایزه Tony
99,سینما و تئاتر
100,ادبیات نروژ
101,آشنایی با فیلسوفان
102,ادبیات ایتالیا
103,ادبیات اسپانیا
104,علوم اقتصادی
105,ادبیات فرانسه
106,نجوم
107,شعر
108,جایزه ی گرند کنیون
109,آموزش نقاشی
110,داستان مصور
111,علوم کامپیوتر
112,ادبیات تاجیکستان
113,شعر کودک
114,رنگ آمیزی
115,خودپروری
116,ازدواج و زناشویی
117,ادبیات لهستان
118,احکام
119,ادبیات روسیه
120,شعر معاصر
121,جدید ترین کتاب ها
122,جشنواره فروش (30 درصد تخفیف)
123,نقد هنری
124,فیلمنامه
125,ادبیات اروپا
126,داستان حیوانات
127,روانشناسی کودک
128,پزشکی
129,شعر نو
130,خلاقیت
131,مجموعه مقالات
132,نقد ادبی
133,زبان شناسی
134,مجموعه آثار هنری
135,زندگی نامه ی هنرمندان
136,گردآوری و تلفیق
137,دهه 1950 میلادی
138,عرفان
139,تجربه و هنر زندگی
140,تکنولوژی
141,فهرست کتاب های برگزیده به انتخاب «بیل گیتس»
142,فهرست کتاب های برگزیده به انتخاب «ایلان ماسک»
143,فهرست کتاب های برگزیده به انتخاب «باراک اوباما»
144,جایزه ی کتاب انیسفیلد-ولف
145,قرن 9 میلادی
146,پرفروش ترین های چاپ 1402
147,اجتماعی
148,تاریخ جهان
149,جغرافیا
150,ادبیات هند
151,بازاریابی
152,عاشقانه
153,ادبیات آفریقا
154,ادبیات آفریقای جنوبی
155,کتاب هایی که زندگی تان را دگرگون خواهند کرد
156,داستان نویسی
157,شعر عربی
158,ادبیات عرب
159,پرفروش ترین های چاپ 1401
160,مصاحبه
161,خود زندگی نامه
162,تاریخ روسیه (شوروی)
163,مجموعه یادداشت
164,نقاشی
165,تاریخ هنر
166,فهرست برترین کتاب های امیدبخش
167,موسیقی بی کلام
168,موسیقی فیلم
169,دانستنی ها
170,ریاضی
171,دهه 1920 میلادی
172,داستان معمایی
173,داستان تریلر
174,داستان جنایی
175,حیوانات
176,فرهنگی
177,داستان الهام بخش
178,دهه 1930 میلادی
179,نمایشنامه درام
180,نمایشنامه سیاسی
181,علوم سیاسی
182,پرفروش ترین های چاپ 1400
183,اسطوره ها و افسانه ها
184,معنویت
185,الهیات
186,ادبیات استرالیا
187,داستان جنگی
188,ادبیات آمریکای لاتین
189,تاریخ آمریکا
190,محیط زیست
191,شیمی
192,کشاورزی
193,عکاسی
194,ادبیات ایرلند
195,داستان تکنولوژی
196,حقوقی
197,دهه 1970 میلادی
198,داستان رئال
199,آموزش ورزشی
200,جایزه ی داستان جنایی آلمان
201,ناداستان
202,داستان ماجرایی
203,درام
204,دهه 1900 میلادی
