id,name,information
52921,یحیی معروف,یحیی معروف؛ استاد گروه زبان و ادبیات عرب دانشگاه رازی کرمانشاه می باشد.
37624,کاظم میقانی,دکتر کاظـم میقانی استادیار گروه آموزشی تاریخ دانشکده ادبیات و علوم انسانی و نویسنده ایرانی متولد سال 1337 می باشد.
18389,یوزف ویزهوفر,یوزف ویزه‌هوفر (Josef Wiesehöfer) پژوهشگر و استاد تاریخ باستان در دانشگاه کیل است. او در زمینهٔ تاریخ ایران قبل از اسلام و تاریخ اشکانیان و شیوهٔ ارتباط روم و یونان با خاور نزدیک باستان شناخته‌شده است و پژوهش‌هایی در این زمینه دارد.
24381,زهره یزدان پناه قره تپه,"زهره یزدان پناه متولد 1342 در تهران است. وی کارشناس تاریخ و کارشناس ارشد تاریخ فرهنگ و تمدن ملل اسلامی، نویسنده، منتقد و پژوهشگر است.از جمله سوابق کاری اوست: بیش از دو دهه فعالیت در آموزش و پرورش، حوزه و دانشگاه و کارشناسی در مراکز مختلف علمی پژوهشی، فرهنگی ادبی، سینمایی و مطبوعات. عضو انجمن قلم ایران، دبیر فرهنگی و دبیر تحریریه مجله سروش نوجوان، مدرس دوره های مختلف ادبیات داستانی و مدیریت جلسات نقد در این زمینه، داور دوره های مختلف مسابقات و جشنواره های ادبیات داستانی در سطح کشور، عضو شورای هنری ادبی دفتر امور زنان بنیاد حفظ آثار و نشر ارزش های دفاع مقدس، عضو شورای تخصصی و کارشناسی نشر کتاب بنیاد شهید و امور ایثارگران و سردبیر فصلنامه اصحاب قلم است. یزدان پناه دارای چندین عنوان مقاله و کتاب در زمینه ادبیات داستانی، نقد و پژوهش ادبی است.از جمله آثار اوست: مجموعه داستان""ستاره های سربی""، پژوهش و تألیف کتاب ""زنان عاشورایی"" و پژوهش پنج کتاب درباره زندگینامه شهدا که توسط نویسندگان مختلف بازآفرینی و چاپ شد. همینطور کتاب ""گلی در آئینه"" که زندگینامه شهید ابوالفتحی را در آن به تصویر کشیده است. و نیز، داستان ها، نقدها،رمان ها و مطالب مختلف دیگری که در مطبوعات و نشریات به چاپ رسیده و چند نمونه کار که در دست تألیف دارد."
7713,واتسلاف هاول,واتسلاو هاول (به چکی: Václav Havel) (زاده ۵ اکتبر ۱۹۳۶ - درگذشته ۱۸ دسامبر ۲۰۱۱) اولین رئیس‌جمهور جمهوری چک از ۲ فوریه ۱۹۹۳ تا ۲ فوریه ۲۰۰۳ بود. او سیاست‌مدار، نمایش‌نامه نویس و نویسنده بود. هاول در سال 1986 جایزه اراسموس و در سال 1990 جایزه گوتلیب دوتوییلر را برای کمک های برجسته اش برای بهزیستی جامعه دریافت کرد. در همان سال مدال آزادی نیز به او اعطا شد.او در سال 1993 به عنوان عضو افتخاری انجمن سلطنتی ادبیات انتخاب شد.
9341,روح الله خالقی,روح‌الله خالقی (زاده سال ۱۲۸۵ خورشیدی، کرمان) – (درگذشت ۲۱ آبان سال ۱۳۴۴، سالزبورگ-اتریش) موسیقیدان، آهنگساز و نوازندهٔ ویولن اهل ایران بود. وی آهنگساز سرود معروف «ای ایران» بود. خالقی از شاگردان اصلی علینقی وزیری بود و تلاش او برای احیای موسیقی ایرانی در دورانی که توجه رسمی به این موسیقی کاهش یافته بود، تأثیرگذار و مهم شمرده می‌شود. او کتابی به نام سرگذشت موسیقی ایران، دربارهٔ سرگذشت موسیقی، موسیقی‌دانان و نوازندگان ایرانی هم‌عصر خود و کتابی به نام نظری به موسیقی شامل نظریه‌ای برای موسیقی ایرانی و غربی نوشته‌است.
14929,نسرین جزنی,نسرین جزنی متولد سال 1325، “عضو هیئت مدیره دانشکده مدیریت و حسابداری”، “عضو هیئت مدیره سازمان مدیریت صنعتی” است.
26541,کیت گرینت,کیت گرینت (Keith Grint)، استاد مطالعات رهبری و مدیر مرکز رهبری لنکستر، دانشگاه لنکستر می باشد.
3274,مجموعه ی نویسندگان,
26997,آن جردن,آن جردن (Anne Jordan) مدیر برنامه کارشناسی ارشد در یادگیری و آموزش آموزش عالی در موسسه فناوری واترفورد، ایرلند، و استاد افتخاری در دانشگاه آموزشی لو تولستوی، روسیه است.
32815,عرفان معتضد,عرفان معتضد نویسنده و تحلیل گر مسائل اقتصادی متولد سال 1357 می باشد.
4985,بنفشه حجازی,بنفشه حجازی، (متولد ۱۳۳۳ بروجرد) شاعر، نویسنده و پژوهشگر تاریخ زنان است از آثار او می توان به رمان ایمپالا ی سرخ (۱۳۸۸) اشاره کرد. وی مدیر مسئول بخش ادبی سایت مشاهیر هنر ایران - ققنوس است.
4690,ابوالفضل زرویی نصرآباد,ابوالفضل زرویی نصرآباد، متولد 15 اردیبهشت 1348 تهران، شاعر،پژوهشگر و طنزپرداز، کارشناس ارشد زبان و ادبیات فارسی می باشد. وی از سال 1368 آغاز به کار مطبوعاتی و فرهنگی را با همکاری نشریات: گل آقا ،همشهری،جام جم،ایرانیان،انتخاب،زن،مهر،کیهان ورزشی،بانو،جستجو،عرو.س و... آغاز کرد.
5185,نسیم عرب امیری,نسیم عرب‌امیری (زاده ۱۸ آبان ۱۳۶۵) شاعر، فیلمنامه‌نویس و طنزنویس زن ایرانی است.عرب امیری توانست با انتشار اولین کتابش نظر بزرگان وادی طنز را به خود جلب کند.
4943,رضا زنگی آبادی,
11484,میشائیل انده,میشائل آندرئاس هلموت انده (Michael Andreas Helmuth Ende) (زاده ۱۲ نوامبر ۱۹۲۹ در گارمیش-پارتنکیرشن و درگذشته ۲۸ اوت ۱۹۹۵) نویسنده آلمانی ادبیات کودک و نوجوان و ادبیات فانتزی بود.او به خاطر اثری با نام داستان بی‌پایان مشهور است. دیگر آثار مشهور او مومو ، جیم دکمه‌ای و لوک راننده و جادوگرانی که خودشان را جادو کردند است.میشائل انده داستان‌های متعددی را برای کودکان نوشته‌است. جیم دکمه‌ای و لوک راننده، نخستین اثری بود که او برای کودکان نوشت. یکی از داستان‌های او به نام مومو باعث گردید او صاحب جایزه ادبیات نسل جوان آلمان گردد. در حوزه ادبیات فانتزی، کتاب داستان بی‌پایان این نویسنده از شاهکارهای او محسوب می‌گردد. کتاب‌های میشل آنده به بیشتر از ۴۰ زبان ترجمه شده‌اند. از آثار او برای پویانمایی، اپرا، نمایش و کتاب‌های گویا نیز اقتباس شده‌است.
17747,حسن چابک,"حسن چابک متولد سال 1351، نویسنده ایرانی با حوزه های تخصصی روابط بین اشخاص, اضطراب, شعر فارسی قرن 14, رفتاردرمانی عقلانی و عاطفی, شعر فارسی قرن 7, شعر فارسی مجموعه‌ها, مولوی، ... می باشد."
11871,دانیل اسمیت,دانیل اسمیت نویسنده و ویراستار غیر داستانی است که در موضوعات مختلفی از جمله سیاست، اقتصاد و تاریخ اجتماعی نگاشته است. او نویسنده کتاب چگونه می توان مانند استیو جابز فکر کرد، چگونه می توان مانند شرلوک فکر کر ، آیا آنها با این قرن اشتباه زیادی دارند؟ و کتابهای دیگر است.
26943,باب پراکتور,باب پراکتور (Bob Proctor) (متولد ۵ ژوئیه ۱۹۳۴) استادی اهل کانادا است که در زمینه بهبود فردی فعالیت می‌کند و خود را به عنوان یک فیلسوف معرفی می‌کند. وی بیشتر به خاطر کتاب پرفروش ثروتمند متولد می‌شوید (۱۹۸۴) در نیویورک تایمز و همکاری در فیلم راز (۲۰۰۶) شناخته شده‌است. باب پراکتور عقیده دارد که تصویر مثبت از خود برای دستیابی به موفقیت حیاتی است، و اغلب به قانون جذب اشاره می‌کند. کلیه کتابهایی که وی تألیف کرده، همچنین سمینارهایی برگزار می‌کند و فیلمهای به اشتراک گذاشته‌است، دربرگیرنده این موضوع هستند.پراکتور و همچنین قانون جذب، اغلب مورد انتقاد قرار گرفته‌است زیرا تهدیدی برای افراد است زیرا اظهار می‌دارد که صرف داشتن یک فکر مداوم در طول زمان، چه برای ثروت و چه برای سلامتی، به واقعیت تبدیل می‌شود. علاوه بر این، کارشناسان معتقدند که افراد ممکن است به جای درمان‌های فیزیکی یا مداخلات پزشکی، تفکر مثبت را انتخاب کنند. هیچ شواهد واضحی از قانون جذب از نظر علمی وجود نداشته‌است، بنابراین یک علم شبه محسوب می‌شود.
5833,محمدقلی مجد,محمدقلی مجد متولد ۱۳۲۴. محقق ایرانی مقیم ایالات متحده آمریکاست. تحصیلاتش را در دانشگاه‌های سن اندریو (۱۹۷۰) و منچستر (۱۹۷۵) و کرنل (۱۹۷۸) با درجه دکترا به پایان برد و سپس در دانشگاه‌های مختلف آمریکا، از جمله دانشگاه پنسیلوانیا، تدریس کرد. در این سال‌ها مقالات متعددی از مجد در نشریاتی چون مجله آمریکایی اقتصاد کشاورزی، مجله مطالعات دهقانی، مجله بین‌المللی مطالعات خاورمیانه، مطالعات خاورمیانه، و مجله خاورمیانه انتشار یافت. دکتر محمدقلی مجد از سال ۱۹۹۹ به‌طور تمام وقت به تحقیق و تألیف در حوزه تاریخ معاصر ایران اشتغال دارد.
1045,اسپنسر جانسون,پاتریک اسپنسر جانسون، زاده ی 24 نوامبر 1938 و درگذشته ی 3 جولای 2017، پزشک و نویسنده ی آمریکایی بود. جانسون در داکوتای جنوبی به دنیا آمد. او در سال 1963 در رشته ی روانشناسی از دانشگاه کالیفرنیای جنوبی فارغ التحصیل شد و بعد از آن، مدرک پزشکی اش را از رویال کالج ایرلند دریافت کرد. کتاب های او به بیش از 25 زبان ترجمه شده اند. اسپنسر جانسون در سن 78 سالگی و در سن دیگو چشم از جهان فرو بست.
8766,آر ال استاین,"آر. ال. استاین (R.L.Stine) نویسندهٔ معروف آمریکایی است که مجموعه‌های تالار وحشت (اتاق کابوس)، زمان وحشت،سایه وحشت(مجموعه داستان) و مورمور (در ایران تحت عنوان دایره وحشت و ترس و لرز نیز ترجمه شده)و بازگشت به خیابان هراس(ترجمه نشده در ایران) را برای نوجوانان و سری خیابان ترس را علاوه بر نوجوانان برای بزرگسالان نیز به نگارش درآورده است.
آر.ال. استاین «رابرت لارنس استاین» در سال ۱۹۴۳ در شهر کلمبوس در ایالت 
اوهایو به دنیا آمد. نویسندگی را از نه سالگی، با نوشتن لطیفه و داستان‌های
 فکاهی برای همکلاسی‌هایش آغاز کرد. اولین کتاب او «راه و رسم مسخرگی و 
خنداندن دیگران» نام داشت. استاین ادبیات ترسناک را در سال ۱۹۸۶، با کتاب 
«وعده ملاقات با یک غریبه» که در مجموعه خیابان وحشت
 بود که در سال ۱۹۸۹ به چاپ رسید، شروع کرد. او در سال ۱۹۹۲ مجموعه دایره 
وحشت «goosebumps» را نوشت. او هم‌اکنون همراه همسرش جین (jane) و پسرش مت 
(matt) زندگی می‌کند و یک نوه دارد."
279,ویلیام فاکنر,ویلیام کاتبرت فالکنر زاده ی ۱۸۹۷ و درگذشته ی ۱۹۶۲، رمان نویس آمریکایی و برنده ی جایزه ی نوبل ادبیات بود. فاکنر در سبک های گوناگون شامل رمان، داستان کوتاه، نمایشنامه، شعر و مقاله صاحب اثر است.فاکنر در نیو آلبانی، می سی سی پی به دنیا آمد. در ۱۹۰۲ خانواده اش به آکسفورد، مرکز دانشگاهی می سی سی پی، نقل مکان کرد. به دلیل وزن کم و قد کوتاه در ارتش ایالات متحده پذیرفته نشد ولی به عنوان دانشجوی دانشگاه افسری در یگان پرواز سلطنتی در تورنتوی کانادا نام نویسی کرد و در ۲ دسامبر ۱۹۱۸ به عنوان افتخاری ستوان دومی نایل شد.فاکنر وارد دانشگاه می سی سی پی شد و در سال ۱۹۲۴ از دانشگاه انصراف داد و در ۱۹۲۵ همراه با دوستش با یک کشتی باربری به ایتالیا رفت و از آنجا پای پیاده رهسپار آلمان و فرانسه شد. در ژوئن ۱۹۲۹ با استل اولدم ازدواج کرد. سفرهایی به هالیوود و نیویورک داشت و در این فاصله چندین فیلمنامه و نمایشنامه نوشت.مطالعات در مورد فاکنر در ۱۹۴۶ به صورت جدی توسط ملکم کاوی آغاز شد. در ۱۹۴۹ جایزه ی نوبل ادبیات به او داده شد و خطابه ی مشهور خود را در آنجا خواند. بعدا نیز جایزه ی پولیتزر را برای کتاب شهر در سال ۱۹۵۷ دریافت نمود. او در ۶ ژوئیه ۱۹۶۲، سه هفته بعد از آنکه از اسب افتاد، بر اثر سکته ی قلبی در بیهالیا، می سی سی پی در گذشت.شهرت فاکنر به سبک تجربی او و توجه دقیقش به شیوه ی بیان و آهنگ نوشتار است. در مقابل شیوه ی مینیمالیستی نویسنده ی معاصرش، ارنست همینگوی، فاکنر در نوشته هایش مکرر از جریان سیال ذهن بهره می گیرد و اغلب داستان های عمیقا عاطفی، ظریف، پیچیده، و گاه گوتیک با شخصیت های گوناگون شامل برده های آزاد شده، یا اعقاب برده ها، سفیدپوستان تهی دست، جنوبی های طبقه ی کارگر و یا اعیان می نوشت.
18453,عباس رحیمی,عباس رحیمی متولد سال ۱۳۲۰ پژوهشگر دینی است.
54923,آلن آراگون,آلن آراگون یک محقق و مربی تغذیه با بیش از 25 سال موفقیت در این زمینه است. او به عنوان یکی از تاثیرگذارترین چهره ها در حرکت صنعت تناسب اندام به سمت اطلاعات مبتنی بر شواهد شناخته می شود. از مشتریان برجسته ای که آلن با آنها کار کرده است می توان به استون کلد استیو آستین، درک فیشر و پیت سامپراس اشاره کرد. آلن یک بررسی تحقیقاتی ماهانه (AARR) می نویسد که اطلاعات تئوری و عملی پیشرفته ای را ارائه می دهد. کار آلن در مجلات مشهور و همچنین ادبیات علمی معتبر منتشر شده است. او نویسنده اصلی مقاله ISSN Position Stand on Diets & Body Composition است.
23746,دیزی مدوز,دیزی مدوز (Daisy Meadows) نام مستعار مورد استفاده برای چهار نویسنده سری کودکان Rainbow Magic است: Narinder Dhami ، Sue Bentley ، Linda Chapman و Sue Mongredien. Rainbow Magic گروه های مختلف جن را به عنوان شخصیت های اصلی از جمله پری های جواهر، پری های آب و هوا، پری حیوانات خانگی، پری گلبرگ و پری اسپرت نشان می دهد.
13036,سلمان علی یاری بابلقانی,سلمان علي ياري بابلقاني متولد سال 1362، فارغ اتحصیل دانشکده ادبیات و علوم انسانی دانشگاه تهران می باشد.
42082,اشرف شبانی,اشرف شبانی متولد ۱۳۵۶، نویسنده، مترجم و مدرس زبان ترکی استانبولی است.
30319,جعفر رزمی,جعفر رزمی متولد سال 1344، استاد پردیس دانشکده های فنی / دانشکده مهندسی صنایع، مهندسی صنایع | مهندسی سیستم های اقتصادی، اجتماعی می باشد. وی دارای Ph.D ، برادفورد ، مهندسی صنایع ۱۳۷۳ ← ۱۳۷۸، M.S ، اوتاوا ، مهندسی صنایع ۱۳۷۱ ← ۱۳۷۴، کارشناسی ، صنعتی شریف ، مهندسی صنایع ۱۳۶۲ ← ۱۳۶۹ است.
66279,علی تیموری,
7801,ال جی اسمیت,"لیزا جین اسمیت که تحت عنوان ""ال-جی-اسمیت"" شناخته می شود ،نویسنده ای آمریکایی است . کتاب هایش که مخلوطی از ژانرهای وحشت ، فانتزی ، علمی-تخیلی ، رومانس و ماورالطبیعه می باشند در بین نوجوانان و جوانان محبوبیت زیادی دارند .شخصیت های ماورایی کتاب هایش معمولا درگیر نبرد بین تاریکی و روشنایی ، خوب و بد هستند .اسمیت در مورد سن خود مرموز است اما منابع متعددی تاریخ تولدش را چهارم سپتامبر ۱۹۶۵ در کالیفرنیا اعلام کرده اند . (در ویلا پارک - اورنج کانتری )در مصاحبه هایش گفته است که از وقتی یکی از معلمانش از شعر افتضاحی که او نوشته بوده ، تعریف می کند ، تصمیم می گیرد که نویسنده شود . آن زمان کودکستانی یا کلاس اول بوده است ."
16240,عباس تربن,عباس تربن متولد ۲۵ اردیبهشت ۱۳۶۱- تهران، شاعر و نویسنده ایرانی می باشد. وی مسئول بخش آثار مخاطبان مجله‌ى ‌رشد نوجوان، مسئول بخش شعر نشریه‌ى دوچرخه (روزنامه‌ى‌ همشهرى)، و مسئول ضمیمه‌ى ‌کودک و نوجوان مجله‌ى جهان کتاب بوده است.
25589,مایک گلداسمیت,دکتر مایک گلداسمیت متولد سال 1962 ، هم دانشمند فعال و هم نویسنده کتاب های علمی است. زمینه های اصلی تحقیق او نجوم است که غبار کیهانی ، ابر ستارگان ، و مواد موجود در کهکشان های دیگر و صدا را بررسی کرده است و روی صدا در هوا و آب ، تاریخچه سر و صدا و ماشین آلات هوشمند کار کرده است. از سال 1986 ، مایک بیش از پنجاه مقاله و گزارش در مورد صدا و همچنین بیش از چهل کتاب علمی برای خوانندگان از سنین نوپا تا بزرگسال نوشته است. کتاب های وی در بیش از بیست کشور جهان منتشر شده است.
8378,هنری جیمز,هنری جیمز (به انگلیسی: Henry James) (زاده ۱۵ آوریل ۱۸۴۳ - درگذشته ۲۸ فوریه ۱۹۱۶) نویسنده‌ای آمریکایی - بریتانیایی بود. وی خالق آثاری همچون دیزی میلر، سفرای کبار و تصویر یک بانو است. وی یکی از چهره‌های مهم ادبیات واقع‌گرایانه در قرن نوزدهم میلادی به‌شمار می‌رود. اولین داستان کوتاه و هنرمندانه جیمز به نام زائری مشتاق در مجله اتلانتیک مانتلی منتشر شد که نظر او را دربارهٔ مردم اروپا نشان می‌داد. این داستان مورد ستایش و تحسین قرار گرفت و با داستان‌های دیگر در ۱۸۷۵ انتشار یافت. هنری پیوسته میان دو تمایل می‌زیست، از سویی عاطفه میهنپرستی او را به آمریکا پیوند می‌داد و از سوی دیگر روح و فکرش به جانب اروپا کشیده می‌شد. سرانجام تمایل به زندگی در اروپا بر او چیره شد و پس از تردیدی طولانی مصمم گشت که در انگلستان مقیم شود. پس در ۱۸۷۶ به لندن رفت، همان‌جا اقامت گزید و با انگلستان و مردم آن پیوندی عمیق برقرار کرد و از باروری فراوان در کار برخوردار شد.
42002,پیمان فخاریان,پیمان فخاریان متولد سال 1349، فارغ التحصیل رشته ریاضی محض و مدرس دانشگاه هنر می باشد.او علاوه بر تدریس و اجرای آثار آهنگسازان شهیر جهان که گزیده‌ای از آن در آلبوم‌های «دونوازی گیتار کلاسیک» و «پیام بدون مرز» توسط موسسه «ماهور» منتشر شده است،بیش از 100 قطعه برای گیتار کلاسیک نوشته است و دو کتاب نیز باعناوین «پنج قطعه برای گیتار کلاسیک»(1386)و«26 دونوازی گیتار کلاسیک»(1388) منتشر کرده است.
67464,هیلاری گوپنیک,هیلاری گوپنیک یک باستان شناس خاور نزدیک است که در مطالعه عصر آهن ایران و قفقاز جنوبی با تمرکز بر مادها در رشته کوه های زاگرس تخصص دارد. او در حال حاضر مدیر مرکز فرهنگ های باستانی در دانشگاه موناش، ملبورن، استرالیا است. گوپنیک مدرک کارشناسی خود را در رشته انسان شناسی از دانشگاه مک گیل در مونترال، کانادا و کارشناسی ارشد/دکتری خود را در مطالعات خاور نزدیک از دانشگاه تورنتو دریافت کرد. تحقیقات دکترای او بر روی گودین تپه، یکی از تنها محوطه‌های باستان‌شناسی که می‌توان آن را با قوم مادها ایران (قرن هشتم تا ششم پیش از میلاد) یکی دانست، متمرکز شد.
20859,محمدتقی فاضل میبدی,محمدتقی فاضل میبدی (زادهٔ ۶ مرداد ۱۳۳۲ در میبد)، عضو مجمع محققین و مدرسین حوزه علمیه قم و استاد دانشکده مفید قم است. در ۶ مرداد ۱۳۳۲ در شهر میبد، استان یزد زاده شد. در سال ۱۳۵۰ به حوزه علمیه قم وارد شد. در دوران تحصیل در حوزهٔ علمیهٔ قم و نزد یوسف صانعی بودند. استادان فلسفهٔ او یحیی انصاری شیرازی و عبدالله جوادی آملی بودند؛ و درس خارج اصول را برای ۶ سال نزد ناصر مکارم شیرازی خواند. خارج فقه را نیز برای ۶ سال نزد حسینعلی منتظری خواند. او سابقهٔ تدریس دروس شرح لمعه، حاشیه منطق، بدایة الحکمه، اصول فقه و کفایه را دارد. همچنین با مراکز علمی-پژوهشی دفتر تبلیغات اسلامی و دفتر تحقیقات به عنوان محقق همکاری می‌کند.
4602,میرچا الیاده,الیاده در ۱۹۶۴ از طرف دانشگاه شیکاگو به اعطای عنوان استاد خدمات ممتاز سیول ال. آیوری مفتخر شد و در ۱۹۶۶ دکترای افتخاری دانشگاه ییل را دریافت کرد. دریافت مدال طلای جایزه فرهنگ مسیحی از طرف دانشگاه ویندسور کانادا و دریافت دکترای افتخاری از ریپون کالج در ۱۹۶۹ و به عضویت درآمدن در آکادمی بریتانیا در سال ۱۹۷۰ از دیگر افتخارات علمی اوست. الیاده از ۱۹۷۰ به بعد دکترای افتخاری از دانشگاه ها و مراکز معتبر علمی متعددی را دریافت کرد. برخی از آن ها عبارتند از: کالج بوستون (۱۹۷۱)، کالج حقوق سیل فیلادلفیا (۱۹۷۲)، کالج اولبرین (۱۹۷۳)، آکادمی بلژیک (۱۹۷۵) و دانشگاه سوربن (۱۹۷۶) و دریافت کمن لوژیون دونور از سوربن (۱۹۸۴).الیاده در دهه آخر عمرش، به طرح ریزی و نظارت بر تألیف و تدوین دائرةالمعارف دین مشغول بود تا این که پس از تکمیل تدوین این دائرةالمعارف و درست یک ماه پس از نگارش پیشگفتار خود بر آن درگذشت. این دائرةالمعارف به زبان انگلیسی در ۱۶ مجلد و در حدود هشت هزار صفحه است که دارای ۲۷۵۰ مقاله و ۱۴۰۰ نفر از پژوهشگران پنجاه کشور جهان با آن همکاری کرده اند. میرچا الیاده سرانجام در ۱۴ آوریل ۱۹۸۶ دچار سکته مغزی شد و در ۲۲ آوریل درگذشت.
52173,گلوریا اوربوش,گلوریا اوربوچ یک دونده و نویسنده کتاب دونده و تناسب اندام Running & Fitness است. او در اوپر مونتکلر، نیوجرسی زندگی می کند.
56466,کریستین فوکس,کریستین فوکس، استاد کرسی سیستم‌های رسانه و سازماندهی رسانه در دانشگاه پادربورن آلمان است. زمینه های تخصصی او مطالعات انتقادی دیجیتال و رسانه های اجتماعی، اینترنت و جامعه، اقتصاد سیاسی رسانه و ارتباطات، نظریه جامعه اطلاعاتی، نظریه اجتماعی و نظریه انتقادی است. وی نویسنده مقالات متعددی در این زمینه است.
16947,مکس لوکیدو,مکس لوکادو (زاده 11 11 ژانویه 1955) نویسنده و کشیش آمریکایی در کلیسای اوک هیلز (قبلاً کلیسای مسیحی اوک هیلز) در سن آنتونیو، تگزاس است. لوكادو در سن آنجلو، تگزاس، كوچكترين چهار فرزند جك و تلما لوكادو به دنيا آمد. او در اندروز، تگزاس بزرگ شد. پدرش کارگر میدان نفتی بود، در حالی که مادرش به عنوان پرستار خدمت می کرد. لوکادو در دانشگاه مسیحی Abilene شرکت کرد و در آنجا یک مدرک کارشناسی ارشد در ارتباطات جمعی دریافت کرد. در حالی که یک دانشجوی Abilene Christian بود، لوکادو با فروش کتاب از درب به درب با برنامه کارآفرینی Southwestern Advantage جنوب غربی کار کرد. در ابتدا وی آرزو داشت وكیل شود، اما گفته است كه یك دوره كتاب مقدس در دانشگاه و یك سفر مأموریتی باعث شده است تا او نظر خود را تغییر دهد و تصمیم گرفت به جای آن مبلغ شود. با این حال، این امر مستلزم آن بود كه لوكادو فارغ التحصیل لیسانس در مطالعات كتاب مقدس و مطالعات كتاب مقدس شود و حداقل دو سال تجربه خدمت به کلیسا را داشته باشید. لوکادو با داشتن مدرک کارشناسی ارشد در کتاب مقدس و مطالعات کتاب مقدس از دانشگاه مسیحیان ابیلن فارغ التحصیل شد.
53005,حسین لطف آبادی,حسین لطف‌آبادی (متولد ۱۳۲۳ در نیشابور) استاد روان‌شناسی و علوم تربیتی در دانشگاه شهید بهشتی تهران است. وی دارای دکترای روان‌شناسی تربیتی (سنجش و ارزشیابی آموزشی) از دانشگاه لین شوپینگ سوئد است. او دارای تالیفاتی درباره روان‌شناسی تربیتی، روان‌شناسی رشد، سنجش و اندازه‌گیری در علوم تربیتی و روان‌شناسی، مسائل و نگرش نوجوانان و جوانان ایران و... است. لطف‌آبادی با همکاری با سازمان ملی جوانان، پژوهش‌هایی درباره جوانان برای این سازمان انجام می‌دهد.
5241,ع پاشایی,عسکری پاشایی  معروف به ع. پاشایی (زادهٔ ۱۳۱۸ ساری، دارابکلا) نویسنده، مترجم، شاعر و شرق‌شناس ایرانی است. او، طبق وصیت احمد شاملو، سرپرستی آثار او را به‌ همراهی آیدا سرکیسیان برعهده دارد.
5938,آگوست ویلسن,نمایشنامه نویس آمریکایی بوده است. میراث منثور او مجموعه ای از ۱۰ نمایشنامه با نام دوره پیتزبورگ می باشد که به خاطر دو نمایشنامه از این سری ۱۰ تایی جایزه پولیتزر را بدست آورده است که هر کدام از این جوایز در دهه متفاوتی کسب شده است.
41551,گانر اسکربک,گانر اسکربک (Gunnar Skirbekk) (زاده ۱۱ آوریل ۱۹۳۷) فیلسوف نروژی است. او استاد بازنشسته دپارتمان فلسفه و مرکز مطالعات علوم و علوم انسانی دانشگاه برگن است. او عضو آکادمی علوم و ادبیات نروژ و انجمن سلطنتی علوم و ادبیات نروژ است.
55632,رضا خواجه نوری,رضا خواجه‌ نوری از یاران میرزا کوچک خان و مدتی حاکم لاهیجان بود.رضا خواجه‌نوری در سال ۱۲۵۴ خورشیدی زاده شد. او از نوادگان محمدحسن خان نوری (برادر میرزا آقاخان نوری) بود و لقب معزالسلطنه داشت. او به همراه مجاهدان مازندران، احسان‌الله خان دوستدار و به سرکردگی سالار فاتحِ توانستند تنکابن را از دست امیراسعد بیرون بیاورند. او سپس به نهضت جنگل پیوست و تا پایان کار میرزا کوچک‌خان از یاران او بود. چندی نیز حاکم لاهیجان شد. بعد از حاکم شدن تیمورتاش بر گیلان و سرکوب مجاهدان جنگل که منجر به دار زدن دکتر حشمت شد، خواجه‌نوری که در نهضت گیلان به «خواجوی» معروف شده بود، به علت بیماری به تهران تبعید شد. او سپس به شوروی رفت اما به خاطر این‌که مقرری دولت شوروی کفاف مخارج او را نمی‌داد، به ایران بازگشت و دیگر گرد سیاست نگشت.خاطرات رضا خواجه‌نوری از دوران مبارزاتش در مازندران، به نام «تصرف تنکابن به دست مجاهدان مازندران» در سال ۱۳۹۲ در تهران منتشر شده است
20743,محمد انتظاری,محمد انتظاري متولد سال 1374 ، شاعر ایرانی می باشد.
70250,انریکو چرولی,انریکو سرولی (15 فوریه 1898 - 19 سپتامبر 1988) محقق، فرماندار و دیپلمات ایتالیایی بود.
26722,فاطمه مرادی,فاطمه مرادی متولد سال 1372، نویسنده ایرانی است.
14647,بل مونی,"بریل آن ""بل"" مونی (زاده 8 اکتبر 1946) یک روزنامه نگار انگلیسی است. او در حال حاضر ستونی برای Daily Mail می نویسد. مونی در بیمارستان Broadgreen ، لیورپول ، در گلادیس (née Norbury) و ادوارد مونی متولد شد. او نخستین سالهای زندگی خود را در لیورپول در املاک شورایی به نام ""Green on Queen's Drive"" گذراند. او 11 پله خود را پشت سر گذاشت و به دبیرستان دخترانه آگبورگ واله رفت. مونی در چهارده سالگی، وقتی والدینش خانه اول خود را خریداری کردند، به ویلتشایر نقل مکان کردند. او سپس در مدرسه در Trowbridge ، ویلتشایر، در دبیرستان دخترانه Trowbridge (مدرسه گرامر دخترانه که با مدرسه دستور زبان پسران ادغام شده بود، به تحصیل پرداخت تا در سال 1974 به عنوان جامع مدرسه مکتب جان از گانت تبدیل شود). او هشت سطح O را پشت سر گذاشت و انگلیسی، لاتین و هنر را در سطح A گرفت. وی با موفقیت ناموفق به دانشگاه آکسفورد (در آن زمان هیچ کس از مکتب او در آکسفورد پذیرفته نشده بود)، رفت و به تحصیل زبان و ادبیات انگلیسی در دانشگاه کالج لندن، جایی که در سال 1969 موفق به کسب مقام ممتاز شد. او دانشجوی فلسفه شد. جاناتان دیمبلبی در حالی که هر دو در روزنامه دانشجویی Pi کار می کردند. دیمبلبی همسر اولش شد. آنها در فوریه 1968 بعد از 4 ماه با همديگری در کنزینگتون ازدواج کردند."
5598,تزوتان تودوروف,تزوتان تودوروف (به زبان بلغاری: Цветан Тодоров و به زبان فرانسوی: Tzvetan Todorov) (زادهٔ ۱ مارس ۱۹۳۹-درگذشته ۷ فوریه ۲۰۱۷) فیلسوف، مورخ و نشانه‌شناس بلغاری-فرانسوی بود.
2604,محمد علی جمال زاده,سید محمدعلی موسوی جمال زاده (۲۳ دی ١٢٧۰ در اصفهان) نویسنده و مترجم معاصر ایرانی بود. او را پدر داستان کوتاه زبان فارسی و آغازگر سبک واقع گرایی در ادبیات فارسی می دانند.او نخستین مجموعهٔ داستان های کوتاه ایرانی را با عنوان یکی بود و یکی نبود در سال ۱۳۰۰ خورشیدی در برلین منتشر ساخت.جمالزاده در سال ۱۹۶۵ نامزد جایزه نوبل ادبیات گردید. وی تا به امروز در کنار زین العابدین رهنما، حسین قدس نخعی و ابوالقاسم اعتصام زاده به عنوان تنها فارسی زبانان نامزد جایزه نوبل ادبیات شناخته می شوند.داستان های وی انتقادی (از وضع زمانه)، ساده، طنزآمیز و آکنده از ضرب المثل ها و اصطلاحات عامیانه است.وی در سال ۱۳۷۶ در ۱۰۵ سالگی در یک آسایشگاه سالمندان در ژنو، سوئیس درگذشت.
2204,جلال الدین محمد بلخی(مولانا),جلال الدین محمد بلخی معروف به مولانا، مولوی و رومی، زاده ی 15 مهر 586 و درگذشته ی 4 دی 652 هجری شمسی، از مشهورترین و تأثیرگذارترین شاعران ایرانی است.جلال الدین محمد بلخی در بلخ زاده شد. پدر او مولانا محمد بن حسین، خطیبی معروف به بهاءالدین ولد و سلطان العلما، از بزرگان صوفیه و مردی عارف بود و نسبت خرقه ی او به احمد غزالی می رسید. وی در عرفان و سلوک سابقه ای دیرین داشت و چون اهل بحث و جدال نبود و دانش و معرفت حقیقی را در سلوک باطنی می دانست نه در مباحثات و مناقشات کلامی و لفظی، پرچمداران کلام و جدال با او مخالفت می کردند؛ از جمله فخرالدین رازی که استاد سلطان محمد خوارزمشاه بود و بیش از دیگران شاه را علیه او برانگیخت. سلطان العلما احتمالا در سال 610 قمری، همزمان با هجوم چنگیزخان از بلخ کوچ کرد و سوگند یاد کرد که تا محمد خوارزمشاه بر تخت نشسته، به شهر خویش بازنگردد. مولانا در نوزده سالگی با گوهر خاتون ازدواج کرد.شمس تبریزی در حدود سال 642 قمری به مولانا پیوست و چنان او را شیفته کرد، که درس و وعظ را کنار گذاشت و به شعر و ترانه و دف و سماع پرداخت و از آن زمان طبعش در شعر و شاعری شکوفا شد و به سرودن اشعار پرشور عرفانی پرداخت. کسی نمی داند شمس تبریزی به مولانا چه گفت و چه آموخت که این گونه دگرگونش کرد؛ اما واضح است که شمس تبریزی عالم و جهان دیده بود و نوشته های او بهترین گواه بر دانش گسترده اش در ادبیات، لغت، تفسیر قرآن و عرفان است.مولانا، پس از مدت ها بیماری در پی تبی سوزان در غروب یکشنبه 5 جمادی الآخر 672 هجری قمری درگذشت.
31407,جسی امزپک,جسی امزپک روزنامه نگار و گزارشگر تحقیقی مستقر در نیویورک است که بر فناوری و علم برخی از ابزارهای مورد علاقه ما تمرکز دارد. او همچنین 10 سال سابقه گزارش خدمات مالی در وال استریت داشته است. آثار وی در مجلات اکونومیست ، لس آنجلس تایمز ، ساینتیک آمریکن ، The Christian Science Monitor ، LiveScience و راهنمای تام ظاهر شده است. جسی همچنین سردبیر پیشین فناوری و علم در International Business Times است.
29117,سوفی دیوری,
65522,محمدرضا عابدینی,محمدرضا عابدینی متولد ۱۳۴۰ در شهر ری است. اساتید ایشان حضرات آیات بهجت ، میرزا هاشم آملی ، حاج شیخ جواد تبریزی ، فاضل لنکرانی و وحید خراسانی میباشند. ایشان فلسفه را نیز نزد آیت الله جوادی آملی ، حسن زاده آملی و ممدوحی فرا گرفتند و علوم حدیث را نیز نزد آیت الله ممدوحی تلمذ کردند. حجت الاسلام عابدینی ضمن تدریس در حوزه ، در جمعهای اساتید دانشگاهی و دانشجویان مشتاق معارف دینی حضور مستمر دارند. هم اکنون به طور تخصصی ایشان در شرح اصول کافی و تفسیر المیزان و شرح روایات مهدویت مشغول به تدریس هستند.
54705,مانوئل الخاندرو کاردنته,دکتر مانوئل آلخاندرو کاردنته، در حال حاضر وزیر آموزش و ورزش، معاون سابق وزیر در معاونت رئیس جمهور-وزارت منطقه ای گردشگری، بازسازی، عدالت و اداره محلی در دولت منطقه ای Junta de Andalucia و عضو کمیته مناطق در اروپا است. او استاد اقتصاد در دانشگاه لویولا اندلس و دانشگاه پابلو د اولاوید می باشد.
3293,زهرا موسوی,زهرا موسوی متولد سال ۱۳۵۷در تهران است. او که از کودکی علاقه بسیار زیادی به نویسندگی وشعر داشت از همان زمان کارش را شروع کرد. اولین کتاب او به نام پدر در سن پانزده سالگی چاپ شد. مجموعه‌ای از شعرهای کودکانه درباره پدر...موسوی بعد از چاپ چندین کتاب در زمینه کودک و نوجوان چند سالی دست از نوشتن کشیده و به تحقیق و پژوهش در این زمینه پرداخت. او به دنبال اتصال حلقه گم شده زنجیری در دنیای ادبیات بود تا دنیای رنگارنگ و پر از نشاط و بازی خردسالان را به آن متصل کند. دنیایی که ادبیات، خیلی در آن ظهور نکرده و اگر گاها ردپایی هرچند اندک از آن دیده می‌شد هدف این ادبیات چندان روشن نبود...این تلاش و تحقیق که همچنان نیز ادامه دارد بستری شد برای تولید آثاری که موسوی را به عنوان شاعر و نویسنده‌ای مختص خردسالان معرفی می‌کند.موسوی طی سال‌ها پژوهش و تحقیق در مورد خردسالان و شیوه‌های یادگیری آنان این گروه سنی را به سه گروه صفر تا دو سال دو تا چهار سال و چهار تا شش سال تقسیم بندی کرده و طبق این رده‌بندی سنی آثارش را به نگارش درآورده است.
12762,مارگارت پیترسون هدیکس,مارگارت پیترسون هدیکس ،زاده 9 آوریل 1964، یک نویسنده آمریکایی است .مارگارت پيترسون  مجموعه بچه­‌هاي سايه، ادعاي شهرت، قصر آينه، فقط الا، هويت دوگانه، خانه‌اي در خليج، فرار از حافظه، فراز و فرود، تغيير مسير و فرار از زمان را در کارنامه  خويش دارد. آثارش از سوي انجمن بين­‌المللي کتاب کودک، انجمن کتابخانه­‌هاي امريکا براي  نوجوان(ALA) و انتخاب برتر براي جوانان خواهان مطالعه برگزيده شده‌­اند  و در فهرست جوايز سي­ و­ چهار ايالت قرار گرفته اند. مارگارت فارغ‌التحصيل دانشگاه ميامي اوهايو در رشته نوشتن خلاق، روزنامه‌­نگاري و تاريخ است و به عنوان گزارشگر اخبار تلويزيون ايندياناپوليس و همچنين در سمت استاد در کالج دانويل ايلينويز کار کرده است. وي با همسر و فرزندانش مرديت و کانر در کلمبوس اوهايو زندگي مي­‌کند.
51241,فیل کیم,دکتر فیل کیم یک برنامه نویس و کاربر با تجربه MATLAB است.
9676,عباس سلیمی آنگیل,عباس سليمي آنگيل متولد سال 1358 نويسنده و مدرس ادبيات است.
41795,بهروز واثقی,بهروز واثقی در سال ۱۳۵۸ در شهر تهران به دنیا آمد و در سال ۱۳۸۵ در رشته ریاضی محض از دانشگاه صنعتی شریف فارغ‌التحصیل شد. او نویسندگی را نزد استاد جمال میرصادقی یاد گرفت و کار خود را در عرصه داستان‌نویسی در سال ۱۳۸۶ با مجموعه کتاب‌های سیمرغ در تعامل با انتشارات ابو عطا آغاز کرد و تاکنون بالغ بر ۱۸۰ عنوان کتاب داستانی، یک عنوان کتاب طنز با نام «تراوشات یک ذهن آشفته» از او منتشر شده است. او همچنین نویسندگی چند فیلم سینمایی و برنامه تلویزیونی را بر عهده داشته است.
3284,ویسواوا شیمبورسکا,ویسواوا شیمبورسکا یا ویسلاوا شیمبورسکا شاعر، مقاله نویس، مترجم لهستانی است. او در سال ۱۹۹۶ برنده جایزه نوبل ادبیات شد. داوران کمیته ادبی جایزه نوبل در توصیف وی، او را موتسارت شعرخوانده بودند. کسی که ظرافت های زبانی را با شور و هیجان های بتهوونی در هم آمیخته بود.اشعار وی به زبان های انگلیسی و بسیاری از زبان های اروپایی، چینی، فارسی، عبری و عربی ترجمه شده است. چندین مجموعه شعر و کتاب هایی بسیاری که ترجمه او از زبان فرانسه به زبان لهستانی است، در کنار ده ها مقاله ادبی دیگر از او برجای مانده است.
29970,عبدالله علیخانی,عبدالله علیخانی (1342 - 1394)، هنرمند نقاش و طراح و محقق در حوزه هنرهای تجسمی ایرانی بوده است.
27447,آناتولی کارپف,آناتولی اوگنیویچ کارپف (تولد ۲۳ مه ۱۹۵۱) قهرمان سابق شطرنج جهان از شوروی و روسیه بود. او از سال ۱۹۷۵ تا ۱۹۸۵ قهرمان شطرنج جهان و از سال ۱۹۹۳ تا ۱۹۹۹ قهرمان شطرنج جهان از نظر فیده بود. او در بازی پوزیسیونی از بزرگ‌ترین شطرنج‌بازان تاریخ شمرده می‌شود و در طول عمر خود برنده ۱۶۰ تورنمنت شطرنج شد. کارپف عنوان قهرمان شطرنج جهان را در سال ۱۹۷۵ به دست آورد، و برنده رقابت‌های انتخابی قهرمانی شطرنج جهان شد؛ اما بابی فیشر حاضر به شرکت در مسابقه و دفاع از عنوان خود نشد. کارپف تا سال ۱۹۸۵ این عنوان را در اختیار داشت تا این‌که در این سال در مبارزه رویارو از گری کاسپارف شکست خورد. او از سال ۱۹۸۶ تا ۱۹۹۰ سه بار پیاپی قهرمان رقابت‌های انتخابی شد و برای بازپس‌گیری عنوان قهرمانی خود مقابل گری کاسپاروف ایستاد اما در هر سه بار در رقابتی بسیار نزدیک موفق به این کار نشد.
18041,رابرت البرتی,"دکتر رابرت آلبرتی، به دلیل نوشتن و ویرایش، مورد تقدیر بین المللی قرار گرفته است که اغلب به عنوان ""استاندارد طلایی"" برای خودیاری روانشناختی مورد ستایش قرار می گیرد."
30587,بروس فیشر,بروس فیشر، (1931-1998) نزدیک به 25 سال پیش مدل بازسازی طلاق را توسعه داد. موسس و مدیر مرکز یادگیری روابط خانوادگی (بولدر، کلرادو) بود. او شخصاً هزاران نفر از افراد و درمانگران را در این روش آموزش داد و زندگی صدها هزار نفر را در سراسر جهان غنی کرد. درمانگر محبوب طلاق، نویسنده، معلم، عضو بالینی انجمن آمریکایی ازدواج و خانواده درمانی بود.
16280,محمدرضا شهبازی,خلاصه‌اش می‌شود اینکه محمدرضا شهبازی هستم. متولد شانزده خرداد ۱۳۶۵ در تهران. خیر سرم راهنمایی و دبیرستان را در تیزهوشان درس خواندم و برای همین چاره‌ای جز رفتن به رشته مهندسی در دانشگاه نداشتم. رفتم مهندسی معدن دانشگاه تهران.وقتی این رشته را نیمه کاره رها کردم هم من و هم مسئولان دانشگاه در پوست خودمان نمی‌گنجیدیم!بعدش رفتم رشته معارف درس بخوانم که هنوز هم می‌خوانم. این دیگر انتخاب خودم بود. انصافا هم انتخاب خوبی بود. هنوز هم که شبهای امتحان فلسفه و منطق و… می‌خوانم حظ می‌برم.در این سالها در نشریات مختلف طنز و جدی نوشته ام، در حوزه‌های مختلف که بیشترش فرهنگی بوده است. ماه‌بندان اولین کتابم است که وقتی برای اولین بار در دستهایم گرفتم کلی ذوق کردم. به نظرم کسی که با دیدن اثرش ذوق نکند بهتر است دور نوشتن و اینجور کارها را خط بکشد. اولین مجموعه طنزم هم آقازاده عزیز نام دارد که گزیده از طنزهایی است که در بین سالهای 87 تا 92 نوشته‌ام.لانگشوت هم کتاب طنز بعدی‌ام است که یازده نقد طنز بر یازده فیلم زیادی جدی سینمای ایران را در خود جای دارد.ازدواج با خانمی که به معنای واقعی کلمه خانم است و داشتن دختری که مثل همه دخترها، عشق بابایش است، و یک جفت پسر دوقلو، یکی از لطفهای خداست که از دست و زبان که برآید/ کز عهده شکرش بدر آید…قربان مادرم هم می‌روم و پدرم را هم خیلی دوست دارم!این خلاصه‌اش بود، و اگر قرار بود همه‌اش را شما بدانید که به خدای کریم ستار نمی‌گفتند.
10463,سلیم باشکوه,سلیم باشکوه متولد سال 1366، از جوانان سخت کوشی است که در حوزه هنرهای نمایشی کوشیده است که زاویه دیدی هر چند متمایز را در آثار خود به نمایش بگذارد. او در تلاش است تا با کنکاش در زمینه اجتماعی و البته مواردی که به اجتماع بازتاب دارد بتواند نقطه عطفی برای اشاره به موضوعات وابسته، عملی مورد توجه را انجام دهد. باشکوه تاکنون آثاری چون «حساسیت فصلی»، «پریدن»، «چطور می‌توانم همه چیز را فراموش کنم»، «طرح‌های تنهایی» و «اینجا گواتمالا است» را در قالب نمایشنامه به نگارش در آورده است. همچنین او تاکنون نمایش‌های «بیا با هم حرف بزنیم»، «از پشت پلک‌های نیمه باز»، «خداحافظ»، «یک نفر شبیه همه» و «خواب خوب خواب» را روی صحنه برده است.
31542,جواد ترشیزی,جواد ترشیزی متولد سال 1364، نویسنده ایرانی می باشد.
70676,پرویز ملکی,پرویز ملکی متولد سال 1340، نویسنده ی ایرانی می باشد.
19730,مهناز عسگری,مهناز عسگری متولد سال 1347، نویسنده و مترجم کتاب‌های کودک و نوجوان است.
8078,بوریس گرویس,بوریس افیموویچ گرویس (متولد 19 مارس 1947) منتقد هنری، نظریه پرداز رسانه و فیلسوف است. وی در حال حاضر استاد برجسته جهانی مطالعات روسی و اسلاوی در دانشگاه نیویورک و همکار ارشد تحقیقات در دانشگاه هنر و طراحی کارلسروهه در کارلسروهه، آلمان است. وی استاد زیبایی، تاریخ هنر و تئوری رسانه در دانشگاه هنر و طراحی کارلسروهه / مرکز هنر و رسانه در کارلسروهه و استاد تحسین بین المللی در تعدادی از دانشگاه های ایالات متحده و اروپا از جمله دانشگاه پنسیلوانیا، دانشگاه کالیفرنیای جنوبی و انستیتوی هنر کورتولد لندن بوده است.
33553,رابین برمن,روانپزشک و متخصص والدین، دکتر رابین برمن، دانشیار روانپزشکی در دانشکده پزشکی دیوید گفن در UCLA، یکی از اعضای هیئت موسس بیمارستان عصبی روانپزشکی Resnick در UCLA، و یکی از اعضای هیئت مشاوره بنیاد ماتیو مک‌کانهی فقط نگهدار لیوین است. .
3464,محمدرضا شمس,محمدرضا شمس در سال 1336 متولد شد. نخستین کتاب این نویسنده با عنوان اگر این چوب مال من بود، در کانون پرورش فکری کودکان و نوجوانان به چاپ رسید. بعدها با انتشارات سروش، امیرکبیر، مدرسه، قدیانی، پیدایش، افق، محراب قلم، به نشر، حنانه، شباویز، و رویش همکاری داشت که حاصل آن چاپ بیش از سی عنوان کتاب بوده است.از آثار او می توان به قصه های سر و ته، ل بازیگوش، بادکنک و اسب آبی، صبحانه ی خیال و سبیل عمو اشاره کرد.شمس تاکنون جوایز بسیاری همچون قلم زرین جشنواره ی مطبوعات، دیپلم افتخار IBBY، لوح تقدیر کتاب سال کانون پرورش فکری کودکان و نوجوانان، لوح زرین جشنواره ی مطبوعات کانون پرورش فکری کودکان و نوجوانان و دیپلم افتخار چهارمین جشنواره ی بین المللی نمایش عروسکی تهران، برای نمایشنامه ی لی لی لی لی حوضک را از آن خود کرده است.
2288,برایان تریسی,برایان تریسی، زاده ی 5 ژانویه ی 1944، نویسنده ی کانادایی/ آمریکایی است. موضوع سمینارها و ارائه های او شامل رهبری، فروش، مدیریت موثر و استراتژی کسب و کار است. تریسی، رئیس هیئت مدیره و مدیرعامل شرکت «برایان تریسی اینترنشنال» است. او این شرکت را در سال 1984 در شهر ونکوور کانادا بنیان نهاد. این شرکت به ارائه ی خدمات مشاوره ای در زمینه رهبری، فروش، اعتماد به نفس، هدف گذاری، راهبرد، خلاقیت و روانشناسی موفقیت می پردازد. تریسی پیش از پایه گذاری این شرکت به عنوان مدیر ارشد عملیات در یک شرکت ساخت و ساز مشغول به کار بود. او همچنین در زمینه ی فروش و بازاریابی، سرمایه گذاری، ساخت و ساز، واردات، توزیع و نیز مشاوره ی مدیریتی فعالیت داشته است. تریسی تاکنون ده ها کتاب نگاشته است.
12059,فتحی ساسی,فتحی ساسی متولد سال ۱۹۶۲ میلادی در نابئول تونس است. تحصیلات ابتدایی و راهنمایی خود را به ترتیب در سال های ۱۹۷۴ و ۱۹۸۳ به پایان رساند. اما بدون آنکه به دانشگاه وارد شود مطالعات شخصی خود را در رشته اقتصاد پی گرفت و با اشتیاق فراوان توانست زبانهای انگلیسی، فرانسه و آلمانی را در سطوح متفاوت فراگیرد. گرچه ساسی از دوران ابتدایی و از سال ۱۹۷۳ اولین شعرهای خود را می نوشت، اما نوشتن شعرها، داستانها و مقالات وی در زمینه شعر و شاعری به صورت حرفه ای در سال ۲۰۰۸ میلادی در خانه فرهنگ “سوسه” به رشته تحریر در آمد.
46650,مهری علی عسگری (بانو),مهری علی عسگری (بانو) متولد 1361 شاعر ، داستان نویس و نویسنده رسمی کانون رسانه گلستان است.
4965,علی حیدری,
35625,عبدالجبار سروش,"عبدالجبّار شاه احمدی ملقب به سروش در روستای اِسْکادَرِ استان سُغْدِ کشور تاجیکستان ٢٤ فروردین سال ۱۳٤٦(1967) در خانواده‌ی آموزگار تولد شده. تحصیلات مقدماتی را در مدرسه‌ی روستا گرفته سپس در دانشگاه آموزگایِ شهر خُجَند در رشته‌ی زبان و ادبیات فارسی تحصیل کرده است.سروش، پس از ختم دانشگاه در بخش ""بنیاد زبان فارسی تاجیکی""، در مجله‌ی ""خُجَند""، دانشگاه آموزگاری شهر خجند، و چهار سال است که در دانشگاه آموزگاری تاجیکستان در شهر دوشنبه کار می‌کند. او در فاصله‌ی ٢٠ سال ""فرهنگ اشعار کمال خجندی"" را تالیف کرد که در نسخه‌ی کامل آن به ١٧ هزار واژه و تعبیر‌های اشعار کمال خجندی شرح نوشته شده است. فرهنگ در سال ۱۳٩٤ در نشریات ""خراسان"" در شهر خجند انتشار شد."
25587,درک میلن,درک میلن متولد سال 1949 به عنوان روان‌شناس بالینی، به طور تمام وقت در مرکز خدمات بهداشتی ملی انگستان مشغول به کار است. وی ریاست دوره دکترای روان‌شناسی دانشگاه نیوکاسل را برعهده دارد. دکتر میلن ضمن تالیف کتاب‌ها و مقالات علمی فراوان، کتاب‌های متعددی هم در زمینه خودیاری به طبع رسانده است.
25456,الیزابت کوییپرز,الیزابت آلیس کوئیپرز استاد روانشناسی در انستیتوی روانپزشکی، کالج کینگ لندن است و از سال 2006 تا 2012 رئیس گروه روانشناسی بود. کوییپرز مشاور روانشناسی بالینی است و تا سال 2012، یک انتصاب افتخاری در جنوب لندن و مودسلی داشت NHS Foundation Trust، به عنوان بخشی از تیم سلامت روان جامعه روان پریشی در Southwark کار می کند. وی مدیر موسس کلینیک PICuP (کلینیک مداخلات روانشناختی برای بیماران سرپایی با روان پریشی) است و رئیس به روزرسانی راهنمای اسکیزوفرنیای NICE 2007-9 و به روزرسانی روان پریشی و اسکیزوفرنی 2011-2014 بود.
14319,تری دیری,"ترنس ویلیام ""تری"" دیری (William Terence ""Terry"" Deary) (متولد ۴ مارس ۱۹۴۶) نویسنده کودکان بریتانیا با بیش از ۲۰۰ کتاب است. آثار او بیش از ۲۵ میلیون نسخه منتشر شده و به بیش از چهل زبان ترجمه شده‌است. در سال ۲۰۱۲ او به عنوان دهمین نویسنده‌ای که کتاب‌هایشان بیشتر در کتابخانه‌های بریتانیا امانت گرفته شده‌است، شناخته شد. تری دیری در سال ۱۹۴۶ در ساندرلند انگلستان متولد شد. پدر او در محله هندون، که محله‌ای فقیرنشین در این شهر است، در یک مغازه قصابی کار می‌کرد. مادرش، فردا، مدیر یک فروشگاه لباس بود. دیری برای تحصیل به مدرسهٔ گرامری مانکویرموث رفت. او از مدرسه خود و به ویژه از روش تدریس در آن متنفر بود. او از سه سالگی به عنوان شاگرد قصابی کار می‌کرد و بیشتر دوران کودکی اش را در همین شغل گذراند. در هجده سالگی به عنوان کارآموز برق کار، فعالیت کرد و بعد در سال ۱۹۷۲ به عنوان بازیگر تور روستای ولش در شرکت تئاتر پووی (Theatre Powys drama company) مشغول کار شد. پس از آن در کالج ساندرلند به تدریس درام پرداخت و در سال ۱۹۷۶ به نوشتن تاریخ ترسناک مشغول شد. دیری دکترای افتخاری آموزش را در سال ۲۰۰۰ از دانشگاه ساندرلند دریافت کرد. تری دیری جایزه‌های زیادی برده‌است از جمله بلوپیتر جایزهٔ بهترین نویسندهٔ آثار غیر داستانی قرن در بریتانیا.مجموعه کتاب‌های تاریخ ترسناک او در میان کودکان و بزرگسالان محبوب است. CiTV در سال ۲۰۰۲ از روی این مجموعه، کارتون ساخت و CBBC از سال ۲۰۰۹ طرحی کمدی را بر پایه این کتاب اجرا می‌کند. دیری خود نیز در برخی از قسمت‌های این مجموعه نقش ایفا کرده‌است.در سال ۲۰۱۱ او خود را، پس از ۳۵ سال، از نوشتن کتاب کودکان بازنشسته کرد. اکنون در کانتی دورهام به همراه همسرش جنی و دخترش سارا زندگی می‌کند. تری دیری عاشق فوتبال است و اوقات فراغتش را به تشویق تیم محبوبش ساندرلند می‌گذراند."
3026,سعید نفیسی,سعید نفیسی (۱۸ خرداد ۱۲۷۴ تهران - ۲۳ آبان ۱۳۴۵ تهران)، دانش پژوه، ادیب، تاریخ نگار، نویسنده، مترجم و شاعر ایرانی بود.او جزو نسل اول استادهای دانشکدهٔ تاریخ دانشگاه تهران بود.سعید نفیسی، در ۱۸ خرداد ۱۲۷۴ خورشیدی در تهران به دنیا آمد. او فرزند میرزا علی اکبر ناظم الاطبا (معروف به ناظم الاطباء کرمانی) و از نوادگان حکیم نفیس بن عوض کرمانی (طبیب نامدار ایران در قرن نهم هجری) و برادر علی اصغر نفیسی ملقب به مودب الدوله بود. حبیب نفیسی برادرزاده اوست.تحصیلات سه سالهٔ ابتدایی را در مدرسهٔ شرف، یکی از نخستین مدارس جدید که پدرش تأسیس کرده بود گذراند و تحصیلات متوسطه را در مدرسهٔ علمیه، تنها مدرسه ای که دورهٔ متوسطه داشت، در بهار ۱۲۸۸ در تهران به پایان رساند. پانزده ساله بود که برادر بزرگترش دکتر اکبر مودب نفیسی او را برای ادامهٔ تحصیل به اروپا برد. نفیسی تحصیلات خود را در شهر نوشاتل سوئیس و دانشگاه پاریس انجام داد و در سال ۱۲۹۷ به ایران بازگشت. ابتدا در دبیرستان های تهران به تدریس زبان فرانسه پرداخت و بعد در وزارت فواید عامه مشغول کار شد. در سال ۱۲۹۷ به گروه نویسندگان مجله دانشکده پیوست و در یک سال فعالیت این مجله با ملک الشعرا بهار همکاری داشت.در سال ۱۳۰۸ خورشیدی به خدمت وزارت فرهنگ درآمد و علاوه بر تدریس زبان فرانسه در دبیرستان ها، به کار آموزش در مدارس علوم سیاسی، دارالفنون، مدرسه عالی تجارت و مدرسه صنعتی پرداخت. در سال های بعد به تدریس در دانشکده های حقوق و ادبیات پرداخت و به عضویت فرهنگستان ایران درآمد.وی از آغاز بنیان دانشگاه تهران در جایگاه استاد دانشکدهٔ حقوق و پس از آن، به استادی دانشکدهٔ ادبیات برگزیده شد. نفیسی از هموندان پیوستهٔ فرهنگستان بود و چندی در دانشگاه های کابل و شهرهایی چون دهلی، کلکته، دانشگاه های قاهره و بیروت به آموزش پرداخت.تسلط نفیسی به تاریخ و ادبیات ایران، باعث شده بود تا آثار تازه و پژوهشی پدید آورد و تعداد بسیاری از متن های منثور و منظوم فارسی را به شیوه ای علمی منتشر کند و از گمنامی بیرون آورد. کتابخانه شخصی و کم مانندی که به مرور زمان فراهم ساخته بود به او این امکان را می داد که به مهم ترین مآخذ تاریخی و ادبی دسترسی داشته باشد.نفیسی را معمار نثر جدید معاصر ایران نامیده اند و این تبحر و چیرگی، ناشی از احاطه کامل وی به زبان های یونانی، لاتین، فرانسه، روسی، اردو، پشتو، عربی و فارسی می باشد. ترجمه های کم نظیر استاد از زبان های بیگانه دارای معروفیت خاصی می باشد. بزرگترین خدمت استاد به زبان و ادب و فرهنگ فارسی، تصحیح و تنقیح متون قدیمی است که از گوشه های کتابخانه های جهان بیرون کشیده و روی آن ها با جدیت تمام کار کرده و به صورت کتاب عرضه داشته است. یکی از افتخارات استاد نفیسی، احیا و بنیانگذاری شیوه داستان نویسی تاریخ است که در آن ها روح وطن پرستی و سلحشوری و قهرمانی را تقویت کرده، جوانان ایران زمین را به حب وطن و حفظ استقلال و تمامیت ارضی کشور فرا می خواند.
11352,محمدرضا توکلی صابری,دکتر محمدرضا توکلی صابری متولد سال 1325، فارغ‌التحصیل دانشکدۀ داروسازی دانشگاه تهران است.او همچنین از دانشگاه دومونفورت در انگلستان درجۀ دکتری در شیمی پزشکی و فوق دکتری را از دانشگاه اکس‌تر اخذ کرده است. چند سالی هم در دانشگاه‌های ایران، انگلیس و آمریکا به تدریس و تحقیق مشغول بوده و اکنون ازیک کمپانی انتشارات علمی در آمریکا به عنوان نویسنده علمی بازنشسته شده است.  دکتر توکلی صابری در ایران سردبیر نشریۀ «طب و دارو»  بوده و با چند نشریۀ دیگر مانند «دارو و درمان»، «پیام»، و «رازی» نیز همکاری داشته است.وی مؤلف و متر جم حدود چهل کتاب در زمینه پزشکی، داروسازی، علم، ادبیات و فلسفه است. عناوین برخی آثار وی عبارت است از: فرهنگ دارویی، فرهنگ داروسازی، گیاهان دارویی،علم چیست؟جهان فراطبیعی، فرهنگ طب سنتی،چنین گویند طبیبان، گزیده بهترین آثار جابربن حیان در کیمیاگری ، شش نظریه که جهان را تغییر داد، پیگیری دیوانه‌وار، چند تا لیس؟ قوانین و نظریه های علمی، و چیزهای دیگر، به ژنوم خوش آمدید، و چرا اندازه مهم است؟دکتر محمدرضا توکلی صابری با دو کتاب سفر برگذشتنی (پابه‌پای ناصرخسرو بر جاده ابریشم-2 جلدی) و سفر (دیدار سفربه کوهستانهای بدخشان و دیدار از مزار ناصرخسرو) برگزیدۀ جایزۀ جلال آل احمد شده است.
1050,بن هوروویتز,بنجامین آبراهام هوروویتز، زاده ی 13 ژوئن 1966، تاجر، سرمایه گذار، وبلاگ نویس و نویسنده ی آمریکایی است.هوروویتز در لندن به دنیا آمد و در کالیفرنیا بزرگ شد. او مدرک کارشناسی خود را در رشته ی علوم کامپیوتر از دانشگاه کلمبیا دریافت کرد و همین رشته را در دانشگاه کالیفرنیا در لس آنجلس ادامه داد.هوروویتز کار خود را در سال 1990 به عنوان مهندس آغاز کرد. او در سال 1997 معاون مدیرعامل شرکت Netscape شد و یک سال بعد به سمت قائم مقام بخش تجارت الکترونیک شرکت AOL نائل شد.بن هوروویتز اکنون به همراه همسر و فرزندانش در سیلیکون ولی زندگی می کند.
23114,سارا شیرازی,سارا شیرازی نویسنده ایرانی می باشد.
56009,فرزانه اصفهانی,فرزانه اصفهانی نویسنده ایرانی متولد ۱۳۴۸ می باشد.
9541,جیم الخلیلی,جیم الخلیلی (Jim Al-Khalili؛ زاده ۲۰ سپتامبر ۱۹۶۲) یک فیزیک‌دان اهل انگلستان است. او استاد فیزیک نظری در دانشگاه Surrey است. او یک مجری دائم و مجری برنامه های علمی در رادیو و تلویزیون بی بی سی است و یک مفسر درباره علم در سایر رسانه های انگلیس است. در سال 2014 ، الخلیلی توسط شورای تحقیقات مهندسی و علوم فیزیکی انگلستان (EPSRC) به عنوان رهبر RISE (شناخت دانشمندان و مهندسان الهام بخش) معرفی شد. وی بین ژانویه 2013 و ژانویه 2016 رئیس اتحادیه اومانیست های انگلیس بود.
7784,اصغر الهی,اصغر الهی (۱۳۲۳–۱۲ خرداد ۱۳۹۱) نویسندهٔ معاصر ایرانی بود. رمان «سالمرگی» این داستان‌نویس برنده جایزه گلشیری شد.اصغر الهی در سال ۱۳۲۳ در مشهد زاده شد. سال‌های جوانی او به دلیل فعالیت سیاسی پرتلاطم بود. با وجود این موفق شد مدرک دکترای تخصصی رشته روان‌پزشکی را از دانشگاه تهران دریافت کند. الهی بین سال‌های ۱۳۵۸ تا ۱۳۶۰ به عنوان سردبیر مجله بازتاب روان‌شناسی فعالیت داشت. سپس به تدریس در دانشگاه علوم پزشکی ایران و پزشکی پرداخت. وی دانشیار دانشگاه علوم پزشکی تهران و متخصص روان‌پزشکی بود.
35166,پرافول شارما,پرافول شارما یک کارآفرین، بازاریاب و بنیانگذار LeadsPanda است. او با موفقیت کسب و کارهایی را در زمینه بازاریابی و صنایع فناوری راه اندازی کرده و رشد داده است. آثار او در TechCrunch، Social Media Examiner، Business Insider و Economic Times منتشر شده است. در طول 8 سال گذشته، او به صدها کسب و کار کمک کرده است تا به اهداف بازاریابی خود دست یابند و نتایج بازاریابی خود را دو برابر کنند. از استارت‌آپ‌های با بودجه خوب گرفته تا شرکت‌های فناوری پیشرو، و شرکت‌های بزرگ.
16376,مل لیسستر,دکتر مل ليسستر (Mal Leicester) استاد برجسته یادگیری و آموزش بزرگسالان در دانشکده آموزش دانشگاه ناتینگهام است. او قبلاً مدرس ارشد آموزش مداوم در دانشگاه وارویک بود.
48125,ایرینا ویکتورنا استپانوا,
4926,فردریک چارلز کاپلستون,فردریک چارلز کاپلستون (Frederick Copleston) (زاده ۱۰ آوریل ۱۹۰۷ -مرگ ۳ فوریه ۱۹۹۴) فیلسوف، تاریخ نگار فلسفی وکشیش یسوعی اهل بریتانیا بود. فردریک کاپلستون در تاریخ ۱۰ آوریل ۱۹۰۷ در بریتانیا متولد شد. خانواده کاپلستون پیرو فرقه انگلیکان بودند؛ اما خود او در ابتدای دوران دانشجویی به سال ۱۹۳۰ به یسوعی‌ها پیوست.مجموعه ۹ جلدی تاریخ فلسفه کاپلستون، از جمله کتب معتبر و تحسین شده تاریخ فلسفه است. از دیگر تلاش‌های فلسفی او، می‌توان به بازخوانی و بسط آرای توماس آکویناس در باب براهین پنجگانه اشاره نمود.کاپلستون همچنین به خاطر مناظره در باب وجود خداوند با برتراند راسل در ۱۹۴۸ و مناظره دربارهٔ تحصل‌گرایی منطقی با جی. آیر در ۱۹۴۹ شهرت دارد.وی سابقه تدریس در کالج هایتروپ آکسفوردشایر و دانشگاه گرگوری را داراست.فردریک کاپلستون سرانجام در ۳ فوریه ۱۹۹۴ در لندن درگذشت.
3066,مکس تگمارک,مکس تگمارک، زاده ی 5 می 1967، فیزیکدان و اخترشناسی سوئدی – آمریکایی است. او استاد موسسه ی تکنولوژی ماساچوست است و همچنین، نهادهای علمی و فناورانه ی متعددی را بنیان گذاشته است. عمده ی تحقیقات و فعالیت های تگمارک بر توسعه ی دانش هوش مصنوعی تمرکز دارد.
63619,طوبی خوه,طوبی خوه (مارال) نویسنده ایرانی متولد ۱۳۷۷‏ می باشد.
304,نیکول کراوس,نیکول کرواس، زاده ی 18 آگوست 1974، نویسنده و رمان نویس آمریکایی است. او از نسل سوم مهاجران پس از جنگ لهستان است که به آمریکا مهاجرت کردند. کراوس در آغاز، گزارشگر نیویورکر بود و به کشورهای سابق بلوک شرق سفر می کرد و شرح حال هایی از وضعیت سیاسی و خاطره های شخصی آدم های آن منطقه تهیه می کرد. این نویسنده اولین رمان خود، «مردی به داخل اتاق می آید» را در سال ۲۰۰۲ نوشت که توسط سوزان سونتاگ، نویسنده، فیلمساز و فعال برجسته ی آمریکایی تحسین شد و به فینال مسابقه ی کتاب لس آنجلس تایم راه یافت.
34168,مولی مهدی نراقی,مُحمدمهدی بن اَبی‌ذَر فاضل نَراقی معروف به محقق نراقی (۱۱۲۸-۱۲۰۹ق) از علمای شیعه در قرن دوازده و سیزده هجری است. محقق نراقی برای تحصیلات علوم دینی دو بار رهسپار عتبات عالیات شد و در مجلس درس وحید بهبهانی و یوسف بحرانی حضور یافت. جامع السعادات مشهورترین اثر ملا مهدی در علم اخلاق است. او فرزندانی داشت که ملا احمد و ملا مهدی در میان برادران خویش شناخته‌ترند. ملا مهدی نراقی در سال ۱۱۲۸ق در نراق از شهرهای اطراف کاشان در یک خانواده مذهبی متولد شد و در شنبه ۱۸ شعبان ۱۲۰۹ق در ۸۱ سالگی در کاشان درگذشت و در کنار حرم امیرالمؤمنین(ع) در نجف اشرف به خاک سپرده شد.
14795,مسعود نیلی,"مسعود نیلی (زاده ۲۵ بهمن ۱۳۳۳) اقتصاددان، مدرس دانشگاه و سیاستمدار ایرانی است که دبیر پیشین ستاد هماهنگی اقتصادی دولت دوازدهم بوده و به عنوان استاد دانشگاه صنعتی شریف فعالیت می‌کند.وی دانش‌آموخته کارشناسی مهندسی سازه از دانشگاه صنعتی شریف، کارشناسی ارشد سیستم‌های اقتصادی از دانشگاه صنعتی اصفهان و دکتری اقتصاد از دانشگاه منچستر می‌باشد. نیلی از سال ۱۳۶۷ تا ۱۳۷۰ همچنین در فاصله سالهای ۱۳۷۶ تا ۱۳۷۹ معاونت امور اقتصادی سازمان برنامه و بودجه را برعهده داشت. او از ۱۳۷۹ تا ۱۳۹۰ رئیس دپارتمان اقتصاد دانشکده مدیریت و اقتصاد دانشگاه صنعتی شریف بود. وی در دولت‌های یازدهم و دوازدهم مشاور رئیس‌جمهور در امور اقتصادی بود. وی همچنین درسگفتارهایی آزاد در موسسه مطالعات سیاسی-اقتصادی ""پرسش"" برگزار کرده است."
4842,ابو عبدالله جعفربن محمد رودکی,ابوعبدالله جعفر بن محمد بن حکیم بن عبدالرحمن بن آدم متخلص به رودکی و مشهور به استاد شاعران (زادهٔ ۴ دی ۲۳۷، رودک – درگذشتهٔ ۳۱۹، پنجکنت) نخستین شاعر مشهور پارسی‌سرای حوزه تمدن ایرانی در دورهٔ سامانی در سدهٔ چهارم هجری قمری و استاد شاعران این قرن در ایران است. در اشعار رودکی با باور به ناپایداری و بی‌وفایی جهان، اندیشه غنیمت‌شمردن فرصت، شادی و شادنوشی روبه‌رو می‌شویم.او در روستایی به‌نام بَنُج رودک (پنجکنت در تاجیکستان امروزی) در ناحیه رودک در نزدیکی نخشب و سمرقند به دنیا آمد.رودکی را نخستین شاعر بزرگ پارسی‌گوی و پدر شعر پارسی می‌دانند که به این خاطر است که تا پیش از وی کسی دیوان شعر نداشته‌است و این از نوشته‌های ایرانی عربی‌نویس هم عصر رودکی- ابوحاتم رازی مسجل می‌گردد. ریچارد فرای عقیده دارد که رودکی در تغییر خط از خط پهلوی به خط فارسی نقش داشته‌است. از تمام آثار رودکی که گفته می‌شود بیش از یک میلیون و سیصد هزار بیت و نیز شش مثنوی بوده‌است، فقط ابیاتی پراکنده به همراه چند قصیده، غزل و رباعی باقی مانده‌است. تعداد بیت‌های باقی‌مانده از رودکی را ۱۰۴۷ بیت گزارش می‌کنند.
17616,لورا جی کولکر,لورا ج. کولکر نویسنده ، مدرس و مربی بین المللی در آموزش های خردسالی است. او نویسنده یا همیار بیش از 150 انتشارات و راهنماهای آموزشی است و در ساخت بیش از 40 فیلم آموزشی و برنامه PBS نقش داشته است. دکتر كولكر همكاری گسترده از برنامه درسی خلاق برای پیش دبستانی، كه هم اكنون در نسخه ششم خود، و برنامه های كودكی با کیفیت بالا در اوایل كودكی: آنچه ، چرا و چگونه وجود دارد ، استفاده می كند.
423,یوستین گوردر,یوستین گوردر، زاده ی ۸ اوت ۱۹۵۲، نویسنده ی نروژی و معلم فلسفه است. عمده ی شهرت او به خاطر نگارش کتاب آموزش فلسفه در قالب داستان با عنوان دنیای سوفی است.او رمان نویس و خالق داستان های کوتاه است که بیش تر دارای اطلاعات فلسفی برای مخاطبین جوانش می باشد. یوستین گوردر در رشته ی فلسفه، الهیات، و ادبیات از دانشگاه اسلو فارغ التحصیل شد و سپس به مدت ده سال به تدریس «تاریخ عقاید» در دبیرستان ها پرداخت. او در حال حاضر به عنوان نویسنده در کنار همسر و دو پسرش در اسلو زندگی می کند. رمان معروفش به نام دنیای سوفی که در سال (۱۹۹۱ میلادی) منتشر شد، او را به شهرت رساند. این کتاب تاکنون به ۵۴زبان مختلف برگردانده شده و میلیون ها جلد آن به فروش رفته است. از روی کتاب دنیای سوفی فیلمی نیز به همین نام ساخته اند.گوردر سال ۱۹۹۷ به همراه همسرش، سیری دانویگ، جایزه ی سوفی را بنیان نهاد. این جایزه که نامش را از رمان دنیای سوفی گرفته، جایزه ی بین المللی برای پاسداشت حامیان طبیعت و توسعه، جایزه ای به مبلغ ۷۷هزار پوند است.
10047,سریا داودی حموله,سريا داودي حموله (متولد مسجدسلیمان 1354) شاعر، پژوهشگر، و منتقد ایرانی. تحصیلاتش را تا مقطع دیپلم در شهرستان مسجدسلیمان گذراند، و تحصیلات تخصصی  ادبیات را در دانشگاه های اهواز و اصفهان به پایان رساند. اگرچه تخصص اصلی داودی حموله ادبیات است، اما به خاطر علاقه‌مندی، به پژوهش‌های مردم‌شناسی هم می پردازد. فعالیت ادبی را به صورت جدی از دهۀ هشتاد با نقد و تحلیل شعر و داستان در فصلنامه و ماهنامه های ادبی عصر پنج شنبه، آزما، کارنامه، کلک، معیار، نسیم شمال، زنده رود... و مطبوعات و نشریه هایی نظیر اعتماد، آرمان، ابتکار، بهار، اطلاعات و... شروع کرد. سال 82 اولین مجموعه شعرش را به نام «اوفلیا تو نیستی با گیسوان حرف می زنم!» منتشر کرد که همان سال از برگزیدگان جایزۀ شعر دانشجویی استان اصفهان شد. هم چنین زمستان همان سال در مسابقه داستان کوتاه  از نفرات برتر داستان کوتاه (برای داستانک ماه و ماهی) در روزنامه همشهری شد. او همچنین در سال 1383 برنده نخست جشنواره داستان کوتاه «بهار» در جشنواره داستان نویسی اصفهان شده. داودی حموله تاکنون عضو هیات داوری چندین جشنواره شعر کشوری بوده که به برخی از آنها اشاره می شود: عضو داوران شعر دانشجویی دانشگاه اصفهان (1385، اصفهان)، عضو داوران شعر دانشگاه آزاد نجف آباد (1387، نجف آباد)، یکی از سه داور نهایی شعر جایزۀ لیراو (1392، تهران)، از سه داور نهایی جایزۀ لیراو (1393، تهران)، عضو هیات منتقدان جایزه شعر فراسپید (1395، تهران). او هم چنین اجرای برخی از جشنواره های ادبی و فرهنگی را از جمله اجرای جشنوارۀ فرهنگی اقوام (1380، اصفهان)، اجرای جشنواره شعر کانون ادبی یزدان شهر (1381، نجف آباد)، اجرای جشنواره فرهنگی بختیاری (1382، نجف آباد) به عهد داشته. او به طور خلاصه در سه محور«شعر، نقد شعر و پژوهش های مردم شناسی» فعالیت تخصصی دارد. سریا داودی حموله در زمینه  ی فعالیت های فرهنگی و ادبی خویش مصاحبه های متعددی نیز با رادیو فرهنگ، رادیو جوان و رادیو خوزستان داشته. آثار: اوفلیا تو نیستی با گیسوانم حرف میزنم! (مجموعه شعر- نشر نیم نگاه، 1382)؛ آسمان حرفی از گیسوان لی لی بود! (مجموعه شعر- نشر پازی تیگر، 1387)؛ نان ونمک میان گیسوان تهمینه (مجموعه شعر- نشر افراز، 1391)؛ از عصای شکسته‌ی نیچه تا عصر مچاله‌ی لورکا (مجموعه شعر- نشر سایه گستر، 1392)؛ من ما بودم با دو فاعل اضافی (مجموعه شعر- نشر نوید شیراز، 1392)؛ سِرنادهای میترائیک (مجموعه شعر- نشر نصیرا، 1393)؛ همه‌ی کلمات در میدان ونک پیاده میشوند! (مجموعه شعر- نشر کاکتوس، 1394)؛ در هرکلمه ای آفتاب پنهان است! (مجموعه شعر- نشر الیما، 1394)؛ خلیجی که از هر طرف خاورمیانه است (مجموعه شعر- نشر مایا، 1395)؛ بادها با حرف میم شروع می شوند (مجموعه شعر- نشر مایا، 1396)؛ ادامه زنی که پلاک خانه را گوشواره کرده است (مجموعه شعر- نشر هشت، 1396)؛ دانشنامه قوم بختیاری (مردم‌شناسی، نشر معتبر، 1393)، موسیقی قوم بختیاری (مردم‌شناسی، نشر افراز، 1396؛ کلمات بیش از آدمی رنج می‌برند! (نقد و پژوهش ادبی- آنتولوژی شعر شاعران معاصر/ 3 جلد، نشر قطره، 1394 و 1396)، بافتار و ساختار ادبیات قوم بختیاری (نقد و پژوهش ادبی- آنتولوژی شعر شاعران اقلیمی، نشر تمتی، 1395)، بافتارهای منفرد (نقد و پژوهش ادبی- آنتولوژی شعر شاعران خوزستان، 2 جلد، نشر الیما، 1396)، کبودی همه‌ی سپیدی (آنتولوژی شعر شاعران خوزستان- 2 جلد، نشر سیب سرخ، 1397)، سیندال (مجموعه شعر- نشر افرود، 1397)، از همه‌ی نام‌ها (آنتولوژی شعر شاعران جنوب- جلد اول، نشر بارلاق، 1397) و شاعران فرامن (آنتولوژی شعر زنان- نشر هشت، 1397).
38123,سعید شفیعی,سعید شفیعی متولد سال 1323، استادیار دانشکده هنر و معماری، دارای دکترای تخصصی برنامه ریزی شهری و منطقه ای، آلمان- دانشگاه فنی برلین، کارشناسی ارشد مهندسی عمران، آلمان- دانشگاه فنی برلین و  کارشناسی مهندسی عمران، آلمان- دانشگاه فنی برلین می باشد.
41152,اندرو والز,اندرو فینلی والز (21 آوریل 1928 - 12 اوت 2021) یک مورخ بریتانیایی مأمور بود که بیشتر به دلیل مطالعات پیشگامانه خود در مورد تاریخ کلیسای آفریقا و پیشگام در زمینه آکادمیک مسیحیت جهانی شناخته شده است. والز در سال 1928 در نیو میلتون انگلستان متولد شد. او در سال 1948 در کالج اکستر آکسفورد در رشته الهیات تحصیل کرد و در سال 1948 مدرک درجه یک دریافت کرد و تحصیلات تکمیلی خود را در کلیسای اولیه در سال 1956 زیر نظر فرانک لزلی کراس محقق پدرشناس به پایان رساند.
38757,پیپا نوریس,پیپا نوریس (Pippa Norris)؛ (زادهٔ ۱۰ ژوئیه ۱۹۵۳) دانشمند سیاسی است که در زمینه سیاست تطبیقی متخصص می‌باشد. او مدرس مکگایر در زمینه سیاست‌های تطبیقی در مدرسه حکومت جان اف. کندی در دانشگاه هاروارد هست و به عنوان استاد ممتاز استرالیا و استاد حکومت و روابط بین‌الملل در دانشگاه سیدنی و مجری طرح صحت انتخابات فعالیت کرده‌است. نوریس لیسانس هنر را در زمینه سیاست و فلسفه از دانشگاه وارویک و همچنین مدرک کارشناسی ارشد و دکترای رشته علوم سیاسی را از دانشکده اقتصاد لندن گرفت. از دانشگاه ادینبورگ، دانشگاه برگن، دانشگاه لوفانا و دانشگاه وارویک دکترای افتخاری به او اعطا شد. پیش از استخدام در دانشگاه هاروارد در سال ۱۹۹۳، در دانشگاه ادینبورگ، علوم سیاسی تدریس می‌نمود.
4301,جان سی مکسول,جان کالوین مکسوِل (به انگلیسی: John Calvin Maxwell) نویسنده، سخنران و کشیش آمریکایی است که کتابهای بسیاری درزمینهٔ رهبری نوشته‌است. بیشتر کتابهای او به مبحث رهبری اختصاص دارند. از کتابهای مشهور او می‌توان به کتاب «۲۱ قانون انکارنشدنی رهبری» و «۲۱ ویژگی ضروری یک رهبر» اشاره کرد. کتابهای او به تعداد میلیون‌ها نسخه فروخته شدند که برخی از آنها در فهرست کتاب‌های پرفروش نیویورک تایمز جای دارند. جان مکسول توانست تا پایان سال ۲۰۱۲ میلادی، تعداد ۲۰ میلیون نسخه کتاب بفروشد که موفقیت بزرگی محسوب می‌شود. ارزش خالص دارایی‌های او بیش از ۱۰ میلیون دلار امریکاست. برخی از کتابهای او به ۵۰ زبان ترجمه شدند.
44713,پل کلاوال,پل کلاوال، متولد 1932 در پاریس، یکی از مهمترین جغرافیدانان نسل خود است، هم از نظر ماهیت گسترده کار و هم از نظر اصالت، التقاط و نفوذ بین المللی. اشتیاق او به جغرافیا در سال های نوجوانی در جنوب غربی فرانسه رشد کرد.
24668,هوشنگ صهبا,هوشنگ صهبا متولد سال 1321، شاعر ایرانی می باشد.
4591,جلیل صفربیگی,جلیل صفربیگی (متولد سوم بهمن سال ۱۳۵۳ در ایلام) شاعر معاصر اهل ایران است.او دانش آموخته و دارای مدرک کارشناسی ریاضی است. وی هم اکنون معلم و به تدریس ریاضی اشتغال دارد. اشعار او غالبا در قالب های رباعی و شعر سپید است. از صفربیگی تا کنون بیش از ۳۰ عنوان کتاب شعر، ترجمه، گردآوری و تحقیق منتشر شده است.
3438,نایجل واربرتون,نایجل واربرتون، زاده ی سال 1962، فیلسوفی انگلیسی است. واربرتون دانش آموخته ی دانشگاه های بریستول و کمبریج است. او قبل از پیوستن به دپارتمان فلسفه ی دانشگاه اوپن در سال 1994، استاد دانشگاه ناتینگهام بود. واربرتون بیشتر به خاطر فعالیت های خود در عرصه ی نوشتن مطالبی ساده و همه فهم درباره ی فلسفه شناخته می شود و در اکثر آثارش به فلسفه و زیبایی شناسی می پردازد.
2659,اریک برن,اریک برن، زاده ی 10 می 1910 و درگذشته ی 15 جولای 1970، روانپزشک برجسته ی کانادایی/ آمریکایی بود.برن در مونترئال کانادا به دنیا آمد. او مدرک کارشناسی خود را در سال 1931 دریافت کرد و تحصیلات خود را در دانشگاه مک گیل ادامه داد.برن در سال 1935 به ایالات متحده آمد و در بیمارستانی در نیوجرسی به کارآموزی پرداخت. او پس از پایان دوره ی کارآموزی، برای دو سال مشغول به کار در کلینیک روانپزشکی دانشکده ی پزشکی دانشگاه ییل شد. برن در سال 1939، تابعیت آمریکا را گرفت و شهروند این کشور شد. او در اواسط قرن بیستم، نظریه ی « تحلیل رفتار متقابل» را به عنوان روشی برای تفسیر رفتارهای انسان ها به وجود آورد.
9505,داوسان چرچ,"دکتر داوسان چرچ (متولد سال 1956) در آفریقای جنوبی، نویسنده ای است که برنده جوایز پرفروش ترین کتاب برای کتاب، ""Genie in Your Genes""، به عنوان موفقیت در زمینه اپی ژنتیک مورد استقبال قرار گرفته است. وی مقالات علمی متعددی با تمرکز بر مکانیزم قابل توجه خوددرمانی منتشر کرده است."
5385,بابک احمدی,بابک احمدی (زادهٔ ۱۳۲۷ در تهران) نویسنده، مؤلّف، مترجم، منتقد هنری و پژوهشگر ایرانی است. آثار وی از متون پرفروش در بازار کتاب‌های فلسفی ایران است و بیشتر آن‌ها را نشر مرکز چاپ می‌کند. وی در سال ۱۳۲۷ در تهران به دنیا آمده و مقیم همین شهر است. احمدی در سال ۱۳۴۹ مدرک کارشناسی علوم سیاسی را از دانشگاه تهران دریافت کرد و سپس برای ادامه تحصیل به پنسیلوانیای آمریکا رفت و در مقطع کارشناسی ارشد فلسفه از دانشگاه پنسیلوانیا فارغ‌التحصیل شد.احمدی سالهای ۱۳۵۳ و ۱۳۵۴ را در لندن و سال‌های بعد تا بهمن ۱۳۵۷ را در پاریس گذرانده‌است.
4348,نادر ابراهیمی,نادر ابراهیمی (زاده ۱۴ فروردین ۱۳۱۵ در تهران – درگذشته در تاریخ ۱۶ خرداد ۱۳۸۷، تهران)، داستان‌نویس معاصر ایرانی بود. او علاوه بر نوشتن رمان و داستان کوتاه در زمینه‌های فیلم‌سازی، ترانه‌سرایی، ترجمه، و روزنامه‌نگاری نیز فعالیت کرده‌ است. ابراهیمی، همراهِ بهرام بیضایی و ابراهیم گلستان، از اندک‌شمار سخنوران ایرانی به‌شمار می‌رود که هم در سینما و هم در ادبیات کار کرده و شناخته شده بوده‌اند. نادر ابراهیمی تحصیلات مقدماتی خود را در زادگاهش یعنی شهر تهران گذراند و پس از گرفتن دیپلم ادبی از دبیرستان دارالفنون، به دانشکده حقوق وارد شد. اما این دانشکده را پس از دو سال رها کرد و سپس در رشته زبان و ادبیات انگلیسی به درجه لیسانس رسید. نادر ابراهیمی چندین فیلم مستند و سینمایی و همچنین دو مجموعه تلویزیونی را نوشته و کارگردانی کرده، و آهنگ‌ها و ترانه‌هایی برای آن‌ها ساخته‌است. او همچنین توانسته‌است نخستین مؤسسه غیرانتفاعی ـ غیردولتی ایران‌شناسی را تأسیس کند؛ که هزینه و زحمت‌های فراوانی برای سفر، تهیه فیلم و عکس و اسلاید از سراسر ایران و بایگانی کردن آن‌ها صرف کرد؛ ولی چنان‌که باید، شناخته و به‌کار گرفته نشد و با فرارسیدن انقلاب و جنگ، متوقف شد.
10890,عباس جهانگیریان,عباس جهانگیریان، زاده شده در چهارم آبان سال ۱۳۳۳ در قم، در همین شهر و اراک دوره دبستان و دبیرستان را به پایان برد. سال ۱۳۵۸ در رشته ادبیات نمایشی دانشکده هنرهای دراماتیک پذیرفته شد و کارشناسی ارشد خود را در همین رشته از دانشکده هنرهای زیبای دانشگاه تهران گرفت. او در حوزه نمایش‌نامه نویسی، فیلم نامه نویسی، پژوهشگری سینما، ادبیات و امور اجتماعی و داستان‌نویسی کودک و نوجوان فعالیت کرده‌است. هم چنین در همین رشته در برخی از دانشگاه‌های تهران و اصفهان تدریس کرده‌است. عباس جهانگیریان کار حرفه‌ای خود را با بازیگری در تئاتر در دهه ۱۳۵۰ آغاز کرد. در دهه ۱۳۶۰ همزمان با تحصیل در دانشگاه کار پژوهش در فیلم‌های کودکان و نوجوانان را که تا آن زمان تولید شده بود، آغاز کرد و نتیجه آن را در کتابی به نام «فرهنگ فیلم‌های کودکان و نوجوانان از آغاز تا سال ۱۳۶۷» در سال ۱۳۷۴ منتشر کرد. عباس جهانگیریان اکنون ساکن تهران است و در همین زمینه به تولید آثار پژوهشی و ادبی اشتغال دارد.
33751,مژگان گروه ای,مژگان گروه ای متولد سال 1360، نویسنده ایرانی می باشد.
4824,فیض شریفی,فیض شریفی منتقد، شاعر، نویسنده و معاصر ایرانی؛ دانش آموخته دانشگاه تهران با رعایت اسلوب و شیوه نقادی می کوشد تا بهترین شعرها را گزیده و با دانش، ذوق و سواد آکادمیک شاعران امروز و شعرشان را به داوری نشیند.
24010,جوزف د کتنر‏‫,جوزف د کتنر‬‏‫ (Ketner II (1955-2018)) کرسی پرورش هنر معاصر و سرپرست برجسته اقامت در کالج Emerson ، بوستون، ایالات متحده است. کتنر بیش از سی سال که کیوریتور و مورخ هنر نمایشگاه ها و انتشاراتی را در مورد موضوعات مختلفی از هنر آمریکای آفریقایی آمریکایی قرن نوزدهم، به ویژه رابرت اس. بود.
10076,احسان محمدی,احسان محمدی متولد سال ۱۳۵۸ در دهلران ایلام است. او مدرک کارشناسی ارشد محیط زیست و کارشناسی ارشد علوم اجتماعی دارد. وی در حال حاضر دانشجوی دکترای فرهنگ و ارتباطات است.
66583,عباس حضرت,
52332,قائم عظیمی یانچشمه,قائم عظیمی یانچشمه شاعر ایرانی متولد ۱۳۶۱‏‫‏ می باشد.
55995,ولادیمیر سوتیف,ولادیمیر گریگوریچ سوتیف (روسی: Владимир Григорьевич Сутеев) (5 ژوئیه 1903 - 10 مارس 1993) نویسنده، هنرمند و انیماتور روسی بود که عمدتاً برای کودکان داستان می نوشت. او از بنیانگذاران صنعت انیمیشن شوروی بود.کتاب های سوتیف به 36 زبان ترجمه و در کشورهایی مانند نروژ، فرانسه، مکزیک، یوگسلاوی، چکسلواکی، هند و ژاپن منتشر شده است.حتی در جوانی، آثار سوتیف به طور دوره‌ای در مجلات پایونر، مورزیلکا، دروژنیه ربیاتا، و ایسکورکا و در روزنامه پیونرسکایا پراودا منتشر می‌شد. از سینما به ادبیات کودک آمد. در سال 1928 از دانشکده هنر انستیتوی فیلمبرداری فارغ التحصیل شد و در آنجا به همراه برادرش ویاچسلاو سوتیف (1904-1993) و پسر عمویش دیمیتری بوگولپوف (1903-1990) تحصیل کرد، که هر دو از مدیران برجسته علم عامه شوروی شدند.
14660,ژان موزی,ژان موزی در کازابلانکا متولد در 27 آوریل 1948 شد. وی پس از کودکی در مراکش ، در پاریس ، ادبیات ، سینما و هنر را فرا گرفت. وی مدتهاست که فیلمهای صنعتی یا آموزشی را طراحی و تولید می کند و امروز به فیلم مستند روی آورده است.
14661,جو چاندلر هریس,جو چاندلر هریس متولد 9 دسامبر 1848 و درگذشته 3 ژوئیه 1908، روزنامه نگار ، نویسنده داستان ، و فولکلوریست آمریکایی بود که بیشتر به خاطر مجموعه داستانهای عمو رموس شناخته شده بود. هریس متولد ایتونتون ، جورجیا بود و در دوران نوجوانی به عنوان کارآموز در یک مزرعه کار می کرد. هریس بیشتر زندگی خود را در آتلانتا گذراند و به عنوان ادیتور در قانون اساسی آتلانتا مشغول به کار بود.
22157,امانوئلا تودوا,امانوئلا تودوا (Emanuela Todeva) در حال حاضر مدرس ارشد استراتژی و تجارت بین المللی و رهبر برنامه برای برنامه مدیریت فناوری کارشناسی ارشد در دانشگاه ساری (Surrey) است.
33991,مسعود میناوی,مسعود میناوی (زادهٔ اول فروردین ۱۳۱۹ در اهواز -درگذشت دوم مرداد ۱۳۸۷ در تهران) داستان‌نویس ایرانی بود.میناوی قصه‌نویس جنوبی بود که به فضای بومی خوزستان و محیط صنعتی و کارگری آن می‌پرداخت. او غیر از داستان‌هایی که در نشریاتی چون لوح، فردوسی، کیهان، جهان نو، دنیای سخن و جُنگ‌های مختلف ادبی به چاپ رساند، در اواخر عمر خود سه مجموعه داستان «پپر و گل‌های کاغذی»، «لنج عبود» و «اسکله خاکستری» خو را به انتشارات افراز سپرده بود. میناوی پیش از چاپ این آثار در دوم مرداد ۱۳۸۷ بر اثر عارضه قلبی در بیمارستان طالقانی تهران درگذشت.
12476,محمدامین رسول زاده,محمد امین رسول‌زاده (تولد ۳۱ ژانویه ۱۸۸۴ - مرگ ۶ مارس ۱۹۵۵ آنکارا) از بنیانگذاران حزب مساوات، حزب دمکرات ایران، سردبیر روزنامه ایران نو و از اندیشه پردازان سوسیال دموکراسی در جنبش مشروطیت ایران بود. محمد امین رسول زاده ۳۱ ژانویه سال ۱۸۸۴ در روستای نوخانی باکو به دنیا آمد. پدرش که یک روحانی بود، او را در مدرسه «روس- مسلمان» به مدیریت سلطان مجید غنی‌زاده ثبت نام کرد و رسول زاده پس از پایان فارغ‌التحصیل شدن، تحصیلات خود را در مدرسه فنی باکو در زبان روسی ادامه داد. نخستین سال‌های فعالیت انقلابی محمد امین رسول زاده که پایه‌گذار نه تنها نهضت استقلال ملی آذربایجان، بلکه جمهوری دموکراتیک آذربایجان می‌باشد مصادف با همین سال‌ها است. جمهوری دموکراتیک آذربایجان یکی از نخستین جمهوری‌ها در جهان اسلام بود. رسول زاده که در سال ۱۹۰۲ هفده سال داشت، «سازمان جوانان مسلمان» را تأسیس کرد. این اولین سازمان سیاسی بود که در قرن بیستم با رژیم استعماری روس در آذربایجان مخفیانه مبارزه می‌کرد.در سال ۱۹۰۲ «سازمان جوانان مسلمان» را بنیان گذاشت که از جمله اهداف آن، چاپ و پخش بیانیه و تبلیغ در بین کارگران کارخانه‌ها بود و در این راستا نشریه‌ای به نام «همت» انتشار داد که بعدها «تکامل» شد. او در سال ۱۹۰۵ در جریان مبارزات انقلابی خود با استالین آشنا شد. آنموقع هر دو ۲۰ ساله بودند و رسول‌زاده به عنوان روزنامه‌نگار کار می‌کرد. او مقاله‌هایی را برای انواع روزنامه‌های مخالف می‌نوشت و با گروه مساوات آذربایجان همکاری داشت. استالین نیز در باکو بود و کارگران شرکت نفت را علیه سرمایه‌داری و تزار سازمان‌دهی می‌کرد. زمانی که مقامات رسمی روسیه تلاش کردند استالین را دستگیر و زندانی نمایند، رسول‌زاده او را در آپارتمان شخصی‌اش پنهان کرده و جانش را نجات داده بود. در ۱۹۰۶ در روزنامة «قلم» مقاله می‌نوشت و آنگاه به سردبیری موقت آن رسید. در این سال سردبیری «تکامل» را عهده‌دار گردید.
25522,آوا تی آلبرشت,آوا تی آلبرشت استادیار بالینی روانشناسی کودک و نوجوان، دانشکده پزشکی دانشگاه نیویورک و بیمارستان Belvvue، شهر نیویورک، رئیس خدمات، بخش بستری نوجوانان، بیمارستان سیلور هیل، نیوکنان ، کنتیکت می باشد.
25674,شهرام گیل آبادی,شهرام گیل آبادی متولد سال 1351، دارای دکتری پژوهش هنر از دانشکده هنرهای زیبای دانشگاه تهران 1386، فوق لیسانس کارگردانی 1380 دانشگاه هنر، و  لیسانس نمایش گرایش کارگردانی 1377 دانشگاه هنر می باشد. وی رئیس مرکز ارتباطات و امور بین الملل شهرداری تهران، عضو هیات مدیره روزنامه همشهری، رییس شورای اطلاع رسانی شهرداری تهران و رئیس نظارت فنی شهرسازی منطقه 17 می باشد.
27334,پریسا شادقزوینی,دکتر پریسا شاد قزوینی متولد سال 1340، عضو هیات علمی رشته نقاشی دانشکده هنردانشگاه الزهرا(س) می باشد. وی دارای دكتري (Ph.D) فلسفه و علوم هنری گرایش نقاشی، كارشناسي ارشد نقاشی و كارشناسي نقاشی می باشد.
3979,زینب علیزاده,زینب علیزاده متولد سال 1362 قم، نویسنده و مترجم ایرانی می باشد.
42000,بابک رستمی,بابک رستمی متولد سال 1360، موسیقیدان ایرانی می باشد.
20318,محمد حسینی بهشتی,سید محمد حسینی بهشتی (زادهٔ ۲ آبان ۱۳۰۷ در محلهٔ لُنبان اصفهان — درگذشتهٔ ۷ تیر۱۳۶۰ در تهران) سیاست‌مدار و فقیه ایرانی و دومین رئیس دیوان عالی کشور پس از انقلاب ایران در سال ۱۳۵۷، نخستین دبیرکل حزب جمهوری اسلامی و نایب رئیس مجلس خبرگان قانون اساسی بود. گاهی از وی به عنوان نظریه‌پرداز ولایت فقیه نام برده می‌شد او از جمله افراد نزدیک به روح‌الله خمینی و از هواداران تشکیل حکومت اسلامی در ایران بوده و نقش بسیار مهمی در استقرار جمهوری اسلامی در ایران داشته‌است.پدرش، سید فضل‌الله، مردی روحانی و از مدرسین حوزه علمیه اصفهان بود و گاهی برای برپایی نماز جماعت به روستاهای پیرامون می‌رفت. محمد بهشتی در هفتم تیر ۱۳۶۰ و در پی انفجار در دفتر حزب جمهوری اسلامی کشته شد.
7139,علیرضا ارواحی,وی از سال 1378 در زمینۀ پژوهش و نقد هنر فعالیت می‌کند. تاکنون کتاب‌های نامتناهی‌سازی سیاست در آیین‌های نمایشی، مرگِ مادر/ جهان (مالی-خولیا در آثار تجسمی)، از نیش تا نوش و از فیلم مستند تا نقد مستنداز این پژوهشگر منتشر شده است. ارواحی ده‌ها مقالۀ دیگر در زمینۀ نقد آثار هنری نوشته است.
44118,پل راکت,پل راکت (Paul Rockett) نویسنده انگلیسی می باشد.
26273,رویا جوانی,رويا جوانی متولد سال 1349 ، نویسنده ی ایرانی است.
703,زیگموند فروید,زیگموند فروید، زاده ی 6 می 1856 و درگذشته ی 23 سپتامبر 1939، متخصص مغز و اعصاب اتریشی و خالق روانکاوی بود. فروید در خانواده ای یهودی در شهر فرایبرگ واقع در امپراتوری اتریش چشم به جهان گشود. او در سال 1881 موفق به اخذ مدرک پزشکی از دانشگاه وین شد و در سال 1902 به درجه ی استادی رسید. پس از فارغ التحصیلی، فروید در بیمارستان عمومی وین مشغول به کار شد و در درمان هیستری به وسیله ی یادآوری تجارب دردناک گذشته از طریق هیپنوتیزم، با دکتر جوزف بروئر همکاری داشت. او در سال 1885 با مارتا برنیز ازدواج کرد و از او صاحب شش فرزند شد.فروید در شهر وین، زندگی و کار می کرد و کار بالینی خود را در این شهر در سال 1886 آغاز کرد. او در سال 1938 به منظور فرار از چنگ نازی ها، اتریش را ترک گفت و در سال 1939 در بریتانیا از دنیا رفت.زیگموند فروید با ابداع روشی کاملا جدید در فهم شخصیت انسان، جزو تأثیرگذارترین و جنجال برانگیزترین شخصیت های قرن بیستم میلادی به حساب می آید.
18161,حمید ضیایی پرور,حمید ضیایی‌پرور متولد سال 1348، مدیركل مركز مطالعات و برنامه‌ریزی رسانه‌ها می باشد.
8690,نله نویهاوس,کرنلیا نووهاوس (زاده 20 20 ژوئن 1967 در مونستر با اسم کرنلیا لوونبرگ) نویسنده آلمانی است. او بیشتر به خاطر تریلرهای جنایتی که در Taunus در نزدیکی فرانکفورت قرار دارد شناخته شده است. او همچنین رمان های عاشقانه ای را تحت نام دوشیزه خود Löwenberg و داستان های اسب برای نوجوانان منتشر کرده است.
22864,صالح تسبیحی,صالح تسبیحی متولد ۱۳۶۰ تهران است . درس خواندهٔ گرافیک و عضو فدراسیون جهانی روزنامه نگاران است.
3292,مریم اسلامی,مریم اسلامی متولد 1355 در شهر ادب خیز نیشابور است. وی در حال حاضر در تهران سکونت دارد و کارشناس شعر در کانون پرورش فکری کودکان و نوجوانان است. او که دانش آموخته ی زبان و ادبیات فارسی در مقطع کارشناسی ارشد است برگزیده ی دو دوره جشنواره بین المللی شعر فجر در بخش شعر کودک و نوجوان در سال های 1379 و1391 می باشد.همچنین داوری چندین جشنواره بین المللی و ملی شعر را در مدیریت آفرینش های ادبی کانون پرورش فکری به عهده داشته است. در حال حاضر نیز اسلامی عضو شورای بررسی کتاب در کمیته کتاب و عضو شورای کارشناسی شعر نوجوان امروز و همچنین عضو کارگروه تحقیقات وارزیابی کتاب و سرگرمی در کانون پرورش فکری می باشد. او همچنین دبیر شعر مجله ی سروش خردسال و عضو هیات تحریریه مجله رشدنوآموز می باشد.مریم اسلامی بیش از سی جلد کتاب برای کودکان و نوجوانان شامل شعر و قصه تالیف و منتشر نموده که تعدادی از آن ها جوایز معتبری نیز کسب کرده اند .
34283,آناستازیا نوویک,آناستازیا نوویک (Anastasia Novykh) نویسنده آمریکایی می باشد.
51541,هادی صادقی,هادی صادقی (متولد ۱۳۴۱ در کرمانشاه) پژوهشگر کلام جدید و رئیس مرکز توسعه حل اختلاف قوه قضائیه و مشاور آموزشی حوزه علمیه قم است.
10659,جی بی پریستلی,جان بوینتن پریستلی (John Boynton Priestley؛ ۱۳ سپتامبر ۱۸۹۴ – ۱۴ اوت ۱۹۸۴) یک رمان‌نویس، نمایش‌نامه‌نویس، و گوینده اهل بریتانیا بود. جان بوینتون پریستلی، در ۱۳ سپتامبر ۱۸۹۴ در برادفورد به دنیا آمد. پدرش مدیر مدرسه بود و مادرش نیز در هنگامی که وی دوساله بود درگذشت. از شانزده سالگی در روزنامه‌های زادگاهش مطالبی می‌نوشت. در جریان جنگ جهانی اول در ارتش بریتانیا خدمت نمود و با مدال افتخاری که از سوی دولت دریافت کرد توانست برای ادامه تحصیل وارد دانشکده ترینیتی هال، کمبریج شود. وی مدرک لیسانس خود را در رشته ادبیات گرفت و ساکن لندن شد.پریستلی اولین اثر خود را با نام «کاراکترهای کمیک انگلیسی» در سال ۱۹۲۵ منتشر کرد و پس از آن رمان «آدم در پرتو نور ماه» را به نوشت و پس از آن کتاب «در تاریکی جهل» را به رشته تحریر در آورد. پریستلی در زمینه داستان‌نویسی نیز نویسنده‌ای ماهر و چیره‌دست بود که علاوه بر نمایش‌نامه‌نویسی، داستان‌های زیادی نوشت.در همین سال همسرش «پاتریشیا تمپست» درگذشت و پریستلی را با دو دختر خردسال و یک زندگی به شدت صدمه دیده تنها گذاشت. پریستلی مجدداً ازدواج کرد. به زودی موفقیتی چشمگیر با انتشار رمان «دوستان خوب» در سال ۱۹۲۹ به سراغش آمد و نامش را پرآوازه ساخت. مقبولیت این رمان تا بدان حد بود که تاکنون این اثر قریب پنجاه بار تجدید چاپ شده و چندین بار هم به فیلم درآمده‌است.
56252,دبورا لوی,دبورا لوی  (زاده ۶ اوت ۱۹۵۹) رمان‌نویس، نمایشنامه‌نویس و شاعر بریتانیایی است. او ابتدا بر روی نوشتن برای تئاتر متمرکز شد - نمایشنامه‌هایش توسط کمپانی رویال شکسپیر روی صحنه رفتند - قبل از تمرکز بر داستان‌های منثور. رمان های اولیه او شامل جهش یافته های زیبا، جغرافیای بلعیدنی و بیلی و دختر بود. داستان‌های اخیر او شامل رمان‌های Swimming Home و Hot Milk که در فهرست کوتاه بوکر قرار گرفته است، و همچنین کتاب مردی که همه چیز را دید و مجموعه داستان‌های کوتاه «ودکای سیاه» که در فهرست طولانی بوکر قرار گرفته است.
63616,فاطمه کمالی,فاطمه کمالی نویسنده ایرانی متولد ۱۳۷۶ می باشد.
23367,ایرج پارسی نژاد,پارسی نژاد متولد ۱۳۱۷ آبادان است.نوشتن را به جد و جهد از دوران دبیرستان آغاز كرده و از همان آغاز نیز گرایش نقد ادبی داشته است.زنده یاد سیروس طاهباز كه او نیز متولد آبادان بود، از تأسیس انجمن ادبی دبیرستان رازی آبادان یاد می كرد كه مهم ترین كار آن تهیه یك روزنامه دیواری بود و ایرج پارسی نژاد با آن همكاری داشت. پس از پایان تحصیلات متوسطه در زادگاه ،برای ادامه تحصیل در رشته ادبیات به تهران می آید و موفق به اخذ مدرك فوق لیسانس زبان شناسی دانشگاه تهران می شود.شوق تحصیل اما ماجرای تحصیلات پارسی نژاد را به این مختصر ختم نمی كند و او را ترغیب به عزیمت به انگلستان می كند.او به دانشگاه آكسفورد می رود تا در رشته ادبیات تطبیقی ادامه تحصیل دهد.پارسی نژاد موفق به اخذ مدرك دكترای ادبیات تطبیقی از دانشگاه آكسفورد انگلیس می شود. پس ازبازنشستگی به آمریكا عزیمت می كند و در دانشگاه UCLA به تدریس « مروری بر ادبیات كلاسیك فارسی » به زبان انگلیسی می پردازد.
3644,راحیل ذبیحی,راحیل ذبیحی در سال 1369 متولد شد. او دانش آموخته ی رشته ی ادبیات انگلیسی و تئوری ادبیات در فرایبورگ آلمان است. اولین کتاب او با عنوان باغ وحشت در سال 1392 به چاپ رسید و در شانزدهمین جشنواره ی کتاب کودک و نوجوان عنوان بهترین رمان نوجوان سال را گرفت.ترجمه و روزنامه نگاری از فعالیت های دیگر راحیل ذبیحی است.
18129,ویلیام باک,ویلیام باک (William Buck) (1934-1970) سانسکریتیست بود و کارهای زندگی خود را وقف بازخوانی های مدرن رامایانا، مهاباراتا و هاریوامسا ناتمام می کرد.
4377,جان گوردون,جان گوردون نویسنده و گوینده آمریکایی در موضوعات رهبری، فرهنگ، فروش و کار تیمی است. گوردون با سازمانهای ورزشی متعددی ، مؤسسات دانشگاهی و شرکتهای مختلف از جمله لس آنجلس داجرز، دزدان دریایی پیتسبورگ، سن دیگو پادس، میامی هیت، اوکلاهما سیتی تندر، بولداگ دانشگاه جورجیا، ببر دانشگاه Clemson، دانشکده ورزشی دانشگاه نبراسکا، و Jacksonville Jaguars ، Philadelphia Eagles ، San Francisco 49ers ، Atlanta Falcons ، سوپ Campell ، Wells Fargo ، Northwestern Mutual ، Publix ، Southwest Airlines Air ، Bayer ، آکادمی West West Point و موارد دیگر کار می کند. او غالباً با مربیان K-12 و مربیان در انجمن های مدارس و مناطق در آمریکای شمالی همکاری می کند.
30638,شریل ابرلی,شریل ابرلی، شرکت Distinctions را اداره می کند که سمینارهای آموزشی را برای کودکان، بزرگسالان جوان و تجار ارائه می دهد. او در لنکستر، پنسیلوانیا زندگی می کند.
17090,محمد مهاجرانی,سید محمد مهاجرانی متولد ۱۳۴۸ در شهر مهاجران اراک است. او دانش‌آموخته‌ حوزه‌ی علمیه‌ی قم و از شاعران آیینی کودک به شمار می‌رود. او درباره شروع سرودن شعر می‌گوید: «اولین شعرهایم که از شما چه پنهان شبح شعر و شبه شعر بودند در سال شصت و سه خودنمایی کردند. سال شصت و پنج اولین شعر کودکم به دنیا آمد. شعری برای کودکانی که هر لحظه منتظر آمدن موشک عراق اند. اولین کتاب کودکم مجموعه ای است به نام « پیامبر عزیز ما» که سیره‌ی پیامبر خدا را با زبان شعر ترسیم می کند و همان‌گونه که امام سجاد (علیه السلام ) در یکی از دعاهایش (دعای دوم صحیفه) پیامبر خدا را مفتاح البرکه (کلید برکت) می‌نامد، این مجموعه فتح بابی شد برای نگارش و سرودن آثار و مجموعه‌های دیگری که هر کدام به نوعی به مفاهیم دینی می‌پردازدند.»
403,محمدرضا پارسایار,
16862,سو هادفیلد,سو هادفیلد بیست سال در مدارس جامع زبان انگلیسی تدریس کرده است. او ده سال گذشته را در آموزش نوشتن خلاق ، مهارتهای مطالعه ، ادب و پیشرفت شغلی و شخصی در دانشگاه ساسکس و گروههای صرف کرده است.
18123,مانلیو آرگه تا,"مانلیو آرگه تا متولد 24 نوامبر 1935 نویسنده ، منتقد و رمان نویس اهل السالوادور است. اگرچه او در درجه اول شاعر است ، اما با رمان ""روزی از روزهای زندگی"" بیشتر در جهان انگلیسی زبان شناخته می شود."
10416,کریس لان,كريس لان مدرس فلسفه در دانشگاه لیمریک ایرلند است. او نویسنده کتاب فلسفه تاریخ فلسفه است (آکومن ، 2008).
8235,نقی سلیمانی,نقی سلیمانی (زاده ۱۳۴۰) رمان‌نویس، طنز‌نویس، نویسنده داستان‌های کوتاه، منتقد و پژوهشگر ادبیات داستانی و زندگی نامه‌نویس است . نقی سلیمانی زاده ۱۳۴۰ در تهران، در مصاحبه ای می‌گوید: «تقریباً تمام دوران کودکی‌ام در اطراف پارک شهر تهران گذشت. پارک شهر با آن درخت‌های عظیم و سر به فلک کشیده‌اش و نسیم خُنکش که بر همه کوچه‌ها و خیابان‌های اطراف، کم و بیش می‌وزید. بر سنگلج، خیابان ابوسعید، میدان حسن آباد، خیابان امیریه، و کوچه درختی که همان حول و حوش ها بود.» پدرش کارگری ساده بود و سلیمانی که در کودکی و نوجوانی به شدت به کتاب خوانی علاقه داشت، از راه کرایه کردن کتاب، به کتابخوانی رو آورد.
14092,جان پی گلنون,جان پی گلنون (John P. Glennon) نویسنده و سیاستمدار آمریکایی است.
710,آلن دوباتن,آلن دوباتن، زاده ی 20 دسامبر 1969، نویسنده ی سوییسی/انگلیسی است.دوباتن در زوریخ به دنیا آمد. پدرش که در مصر به دنیا آمده بود، به سوییس مهاجرت کرد و از موسسان یک شرکت سرمایه گذاری شد و بعد از آن، ثروت هنگفتی به دست آورد. او یک خواهر دارد و دوازده سال اول زندگی اش را در سوییس گذرانده است.دوباتن برای تحصیل، به مدرسه ای شبانه روزی در آکسفورد فرستاده شد و زبان انگلیسی را آموخت. او در رشته های تاریخ و فلسفه تحصیل کرد و مقطع دکتری را در رشته ی فلسفه ی فرانسه در دانشگاه هاروارد آغاز کرد اما به خاطر نوشتن کتاب برای مخاطب عام، آن را رها کرد. آلن دوباتن، کتاب های فوق العاده محبوب و تأثیرگذاری درباره ی موضوعاتی بنیادین چون عشق و تأثیر فلسفه بر زندگی نوشته است.
37866,ایرج اله دادی,ایرج اله دادی متولد سال 1341، استاد گروه علوم زراعی و اصلاح نباتات پردیس ابوریحان / گروه علوم زراعی و اصلاح نباتات دانشگاه تهران؛ دارای Ph.D ، لاوال ، اکولوژی گیاهی ۱۳۷۲ ← ۱۳۷۸، M.S ، تربیت مدرس ، زراعت و اصلاح نبات ۱۳۶۸ ← ۱۳۷۰، B.S ، دانشکده کشاورزی دانشگاه تهران ، زراعت و اصلاح نبات، ۱۳۶۳ ← ۱۳۶۵، کارشناسی ، دانشگاه شیراز ، زراعت و اصلاح نبات ۱۳۵۸ ← ۱۳۶۲ می باشد.
25142,وس لیندن,"وس لیندن که سال اول در دانشگاه مردود شده بود، در راه شکست دادن در سال دوم خود نیز بود. هنگامی که برای اولین بار در مورد بازاریابی شبکه ای شنید، او هنگام انجام تدریس دانشجویی به عنوان بخشی از هزینه خود، تازه بیست سال داشت. وس پیش از این 10 هزار پوند بدهی داشت و با مادرش زندگی می کرد. او به مدرسه خوبی رفته بود و دوستانش در راه تکمیل مدارک پزشکی، حقوقی یا اقتصادی بسیار بهتر از او کار می کردند و او بسیار بی جهت بود. بنابراین تصمیم گرفت که درگیر کار در بازاریابی شبکه ای شود تا در کنار تحصیل، به امید کسب درآمد در کوتاه مدت و ایجاد درآمد باقیمانده در بلند مدت، در کنار تحصیل کار کند. پس از چند ماه، وسيله وسيله بازاریابی شبکه ای مجذوب او شد و تصمیم گرفت دانشگاه را رها کند ... قبل از اینکه از دانشگاه اخراج شود! اگرچه ذهنیت دانشجویی را حفظ می کرد (شبهای آخر شب، مهمانی های تلویزیونی و مهمانی ها) اما تنها تمرکز خود را به شرکت بازاریابی شبکه ای خود داد و شروع به موفقیت در آن کرد. علی رغم اینکه بسیاری از دوستان و هم سن و سالان وی از او می پرسند ""چه زمانی می خواهید یک کار مناسب پیدا کنید؟"" وس پیشنهاد کرد که او را به کلاهبرداری فریب داده اند، سوار طوفان شد، و خود را از نظر اقتصادی نیمه سن بازنشسته یافت در سن 24 سالگی، و باقیمانده درآمد خود را از متوسط ​​حقوق نه تنها یک معلم (شغلی که او برای مقصد بود) اما یک معلم سر! واقعیت این است که وس به لطف این حرفه هرگز شغل ""مناسبی"" نداشته و فقط با یک شبکه درگیر بوده است. او هنوز هم به عنوان توزیع کننده به طور فعال در شرکت بازاریابی شبکه ای خود شرکت دارد. او هنوز از ساختن تجارت خود تا آنجا که ممکن است به ریشه های چمنزار نزدیک است لذت می برد. در سال 2013، وس اولین بریتانیایی بود که در کنار بزرگترین نامهای این حرفه در جهان در سه روز رویداد Network Marketing Mastermind Eventind در اورلاندو سخنرانی کرد. در سال 2015 وس، میزبان این رویداد بود و به عنوان سخنران در کنوانسیون های شرکت در سراسر جهان به چهره ای محبوب تبدیل شده است. او شدیداً به گسترش این حرفه متعهد است و معتقد است وقتی شبکه های تمام شرکت ها اسلحه را بهم متصل کنند این کار ساده تر خواهد شد. خارج از همه اینها، وی یک مسافر مشتاق است و به طور متوسط ​​هر ماه یک تعطیلات دارد. او حداقل چهار بار در هفته به یک مربی شخصی می رود و به عنوان داور فوتبال تا سطح قهرمانی در لیگ های حرفه ای قضاوت کرده است. او همچنین از گذراندن وقت زیاد با دوستان نزدیک و خانواده اش لذت می برد. این تنها موفقیت در بازاریابی شبکه ای است که به وی امکان انتخاب داده است تا هر زمان که بخواهد این کارها را انجام دهد."
29322,میرعبدالحسین نقیب زاده جلالی,میرعبدالحسین نقیب‌زاده جلالی (متولد ۲۳ اردیبهشت‌ماه ۱۳۱۶ در رشت) فیلسوف، نویسنده، پژوهشگر و مترجم حوزه فلسفه و فلسفه تعلیم و تربیت و استاد بازنشسته گروه فلسفه و علوم تربیتی دانشگاه خوارزمی است. همهٔ آثار او در زمینه فلسفه‌اند و بارها تجدید چاپ شده‌اند. تمرکز اصلی او بر فلسفهٔ غرب و فلسفهٔ تعلیم و تربیت است و در زمینهٔ فلسفه افلاطون و فلسفهٔ کانت نیز در ایران صاحب‌نظر است. او هم‌اکنون نیز در دانشگاه آزاد اسلامی واحد تهران مرکزی و پردیس دانشگاه خوارزمی همچنان به تدریس مشغول است. از مهم‌ترین کتاب‌های وی می‌توان «نگاهی به فلسفهٔ آموزش و پرورش»، «فلسفۀ کانت: بیداری از خواب دگماتیسم بر زمینۀ سیر فلسفۀ دوران نو» و «درآمدی به فلسفه» را برشمرد.
16239,اسفندیار معتمدی,سفندیار معتمدی در 28 بهمن 1317 شمسی در روستای سده‌ی لنجان اصفهان و در خانواده‌ای کشاورز چشم به جهان گشود. در سال 1324 هم‌زمان با بنیان‌گذاری دبستان چهار کلاسه در سده، تحصیلات ابتدایی خود را آغاز کرد و پس از گذراندن کلاس چهارم، برای ادامه تحصیل به اصفهان رفت. وی کلاس پنجم و ششم را در دبستان 15 بهمن اصفهان پشت سر گذاشت.در مهرماه 1330 هم‌زمان با نخستین سال بنیان‌گذاری دبیرستان صائب، دوره‌ی سه ساله (سیکل اول) دبیرستان را در آن‌جا آغاز کرد و از درس دبیرانی بهره‌برد که پس از بنیان‌گذاری دانشگاه اصفهان به استادی دانشگاه برگزیده شدند. کلاس درس شادروانان سیدعلی خلدی‌نسب ( امام مسجد لبنان)، غلامحسین آهنی، رضاقلی نوری نکویی و دکتر خلیل رفاهی و رضا دایی جواد برایش بسیار آموزنده و جذاب بود.
43536,فاطمه حسینی اسحق آبادی,فاطمه حسینی اسحق آبادی متولد سال 1366، دارای کارشناسی ارشد زبان و ادبیات انگلیسی از دانشگاه اصفهان و کارشناسی زبان و ادبیات انگلیسی از دانشگاه الزهرا می باشد.
48623,سمیه پورمنفرد,مهندس سمیه پورمنفرد متولد سال 1357، مولف ایرانی می باشد.
12988,باب تورس,"رابرت ""باب"" تورس استادیار جامعه شناسی در دانشگاه سنت لارنس در کانتون، نیویورک بود. او به همراه همسرش جینا تورس، از Vegan Freak: Being Vegan in a World Non Vegan (2005)، و نویسنده Making A Killing: The اقتصاد سیاسی حقوق حیوانات (2007) مؤلف است. سقتصاد سیاسی حقوق حیوانات را از موقعیت آنارشیستی اجتماعی بررسی می کند. تورس استدلال می کند که تغییر نگرش ما نسبت به حیوانات برای تغییر دیگر روابط تسلط که مشخصه اکثر جوامع است، ضروری می باشد."
41704,ایرج بهرامی,ایرج بهرامی نویسنده ایرانی متولد سال 1313 می باشد.
1025,امی کادی,امی جوی کسلبری کادی، زاده ی سال 1972 میلادی، روانشناس، سخنران و نویسنده ی آمریکایی است.کادی در سال 1998 در رشته ی روانشناسی از دانشگاه کلرادو فارغ التحصیل شد و بعد از آن در دانشگاه پرینستون حضور یافت. او در این دانشگاه مدرک دکتری خود را در رشته ی روانشناسی اجتماعی دریافت کرد.امی کادی مدتی را به عنوان دانشیار در دانشکده ی تجارت دانشگاه هاروارد گذراند. او در این دانشکده، به تدریس دوره های MBA در باب مذاکره، قدرت و تأثیر و همچنین دوره های آموزش اجرایی می پرداخت.
28697,محمدباقر شریعتی سبزواری,اینجانب دکتر محمدباقر شریعتی سبزواری، فرزند رمضانعلی،متولد 1319، پدرم از روحانیون محبوب شهر و اهل علم بود و به قول مرحوم آیه اللّه تقدیری سبزواری از اوتاد محسوب میشود. وی اهل ذکر و تلاوت قرآن و هدایت بود.در مناسبتهای تبلیغی به قرا و قصبات و بخشها میرفت.او هرگز امامت جماعت را در مسجد و منزل نپذیرفت و میگفت:استادی داشتم به اصرار او را وادار کردند تا به عنوان امام جماعت در محراب مسجد قرار بگیرد.در رکعت اول بدنش لرزید و نتوانست نماز را ادامه دهد و از مسجد خارج شد و رفت.ایشان هم به استادش اقتدا میکرد.بالاخره به تشویق پدر و مادر بزرگوار و علاقه وافری که شخصا به علوم حوزوی داشتم پس از طی مقطع ابتدایی و متوسطه به حوزه سبزوار وارد شدم.خدمت داماد بزرگمان حجه الاسلام مرحوم حاج سید علی حجازی مقدمات را شروع کردم و پس طی ادبیات،جامع المقدمات،سیوطی و منطق کبرا نزد اساتید فاضل،برای ادامه تحصیل به مشهد مقدس مشرف گردیدم.پدرم در تصرف وجوهات بسیار محتاط بود،مادرم چرخریسی میکرد و برایم پول میفرستاد.در مدرسه خیراتخان مشهد مقدس مستقر شدم.غم طوّل را از ادیب نیشابوری آموختم و معالم را از محضر آیه اللّه مهدوی دامغانی،منطق را از آقای عیدگاهی و شرح لمعه را از آیه اللّه مدرس(رحمه اللّه علیهم)فرا گرفتم و از دروس عقاید و اخلاق آمیرزا جواد تهرانی و حاج شیخ مجتبی قزوینی(که رحمت خدا بر آنها باد)بهره بردم.پس از شهادت مرحوم نواب صفوی و یارانش،با نفرتی که نسبت به نظام شاهنشاهی و استکبار جهانی پیدا کردم به قم آمدم و در محضر درس حضرات آیات عظام ستوده و اعتمادی به ترتیب،شرح لمعه و قوانین را به اتمام رسانیدم.مکاسب و رسائل را از محضر آیات بزرگ فاضل لنکرانی و حاج شیخ جعفر بحانی و آیه اللّه مشکینی آموختم و کفایه را از حضور استاد اکبر،صاحب نفس زکیه آیه اللّه سلطانی بهرهمند شدم.از نظر اخلاقی مدتی به محضر آیه اللّه بهجت و آیه اللّه بهاء الدینی شرفیاب شدم و گاهی از محضر درس اخلاق مرحوم آیه اللّه قمی و مرحوم آیه اللّه حاج سید رضا صدر شاداب میشدم.در میان تمام علما و مراجع به امام راحل(ره)دلبستگی بیشتری پیدا کردم و سال 1342 به نضهت روحانیت، به رهبری امام راحل(ر)پیوستم و دهها مرتبه به زندان افتادم لکن مدت آن زندانها یک ماه یا کمتر بود.کمتر شهری بود که منبر بروم و دستگیر نشوم و مدتی در بازداشت به سر نبرم.سرانجام سال 1353 تا 1356 سه سال و اندی در زندان ستمشاهی گرفتار آمدم و به یاری حق از زیر شکنجهها سالم و سرافراز بیرون آمدم.در زندانهای موقت،سخنرانیها مخصوص بنده،آیه اللّه هاشمی رفسنجانی و دکتر سحابی بود،بسیاری از مناظرات اعتقادی با کمونیستها را به عهده بنده میگذاشتند که بسیار خاطرهانگیز است،به خصوص مناظره با دکتر پیروز.سه سال و دو ماه در زندانهای مختلف به تدریس قرآن،عقاید و نهج البلاغه و گفتگوهای دوستانه پرداختم.به جوانها از چپ و راست نزدیک شده و باآنها روابط عاطفی برقرار میکردم.بعضی از کمونیستها با یک شلاق عدهای را لو میدادند.این سخن بگذار تا وقت دگر.در درس خارج فقه و اصول آیات عظام حاج شیخ مرتضی حائری،محقق داماد،وحید خراسانی و حاج شیخ هاشم آملی حاضر میشدم و دو سال تمام،حوزه درس امام امت را درک کردم لیکن افسوس که او را ربودند و به زندان بردند و به ترکیه تبعید نمودند. منظومه و اشارات را به ترتیب از محضر حضرات اقای محمدی گیلانی و جوادی آملی و دو جلد از اسفار را از محضر علامه طباطبایی و بخشی از آن را از محضر علامه بزرگوار،نابغه دهر شهید مرتضی مطهری استفاده کردم.شرح اشارات و شفای بو علی را به ترتیب از آقایان جوادی آملی و حسنزاده بهرهمند شدم.شرح تجرید خواجه و علامه را خدمت مرحوم آیه اللّه تقدیری سبزواری آموختم.نویسندگی و دروس عقاید را از حضرت آیه اللّه مکارم شیرازی یاد گرفته و با تشویق ایشان به تحقیق و تدوین مشکلترین بحث دینی یعنی«معاد و قیامت»پرداختم.قریب به 35 سال از اوقات فراغت مرا موضوع رستاخیز به خود اختصاص داد.به تمام کتابخانههای معروف سر زدم و شخصیتهای علمی را از نزدیک ملاقات کردم.بنده با تجاربی که در زندان شاه داشتم بر این باور بودم و هماکنون نیز بر این اعتقاد هستم که نخست باید پایههای اعتقادی مردم و جوانان را تقویت کرد، سپس به مواعظ اخلاقی و تربیتی آنان همت گماشت چراکه پرداختن به اخلاقیات بدون تعلیم اصول عقاید کاری است سطحی و سستبنیاد و به قول شاعر: خانه از پایبست ویران استخواجه در فکر نقش ایوان است ترجیح دادم به جای چاپ و انتشار مسائل تکراری و غیرضروری در مباحث فقه و اصول آنهم با وجود کتابهای عمیق و ارزندهای که از اسطوانههای فقه و اصول از قدمای بافضیلت و نوابغ فقاهت به یادگار مانده است دیگر جایی برای نوشتههای فقهی و اصولی امثال بنده باقی نمیگذارد وانگهی غالبا در نشر این نوع کتابها بعضا انگیزههای شخصی و نفسانی و آیندهسازی دخالت دارد که با روحیه بنده نمیسازد،نوشتهها و تحقیقات خود را در اصول عقاید و پاسخ به شبهات متمرکز ساختم و مدت 18 سال مسئول پاسخ به پرسشهای کتبی،تلفنی و حضوری دفتر تبلیغات اسلامی قم بودم و جمعی از فرهیختگان با بنده همکاری داشتند،بدین جهت نیاز جوانها را بهتر درک میکردم و از سوی دیگر دیدم برای پرورش طلاب جوان اساتید فقه و اصول به اندازه کافی هستند لذا از تعلیم رسائل و مکاسب و سایر مواد درسی حوزوی مانند منظومه حکمت و نهایه دست شستم و به تدریس فن سخنوری و تبلیغ بسنده کردم.کتابهایی در فن خطابه و همچنین در اصول عقاید نوشته و متفکران بزرگ با استدعای بنده پیش از چاپ و انتشار بذل عنایت فرموده مطالعه کردند و نقاط ضعف و قوت را تذکر دادند که پس از اصلاح و تکمیل به چاپ رسید.
21405,ترز برترا,"ترز برترا فیزیوتراپیست و مقاله نویس فرانسوی متولد لیون در 28 مه 1931 و درگذشته در 19 مه 2014 در پاریس است. او خالق ""ضد ژیمناستیک"" است."
55880,پژوهشکده مطالعات راهبردی,
45957,رابرت کوتیتا,رابرت آلن کوتیتا (متولد 1953) بیشتر به عنوان یک معلم، نویسنده، محقق، آهنگساز و رهبر هنر شناخته می شود. وی نویسنده یا نویسنده پنج کتاب و بیش از پنجاه مقاله پژوهشی با داوری در زمینه روانشناسی و آموزش موسیقی است. او همچنین آهنگساز است و برای برنامه های تلویزیونی و فیلم های سینمایی نوشته است.
46546,علیرضا هادی پوربرزگر,علیرضا هادی پوربرزگر نویسنده ایرانی متولد 1362 می باشد.
5181,جمال اکرمی,من جمال اکرمی سال ۱۳۳۶ در سمنان به دنیا آمدم. کودکی‌هایم درکتابخانه کانون پرورش سمنان گذشت. سال ۱۳۵۵ به دانشگاه تهران رفتم و به تحصیل دررشته نقشه برداری و زبان فرانسه پرداختم. درسال ۱۳۵۶ به عنوان مربی نقاشی کانون پرورش در استان‌های گیلان و اصفهان مشغول کارشدم. پس از انقلاب در مجله کیهان بچه‌ها و سپس به عنوان معلم هنر در مدارس تهران کار کردم.در سال ۱۳۶۸ مجله کوشش را در کانون پرورش به راه انداختم و نخستین کتابم در همین سال به چاپ رسید. سال‌ها به عنوان مدرس هنر به مربیان نقاشی کانون پرورش مشغول به کار بودم و همزمان کار نوشتن را جدی گرفتم. جایزه کتاب سال رشد، کتاب سال کانون پرورش، جایزه پرنده آبی و کتاب سال شهید غنی پوراز جمله جوایز من است.
39681,جس استکهام,"جس در خانواده ای پرجمعیت در چند مایلی شمال لندن بزرگ شد و همیشه عاشق کتاب های مصور کودکان بوده است، به خصوص کتاب هایی که او را می خنداند. او در دهه 1990 یک تصویرگر تمام وقت شد و از آن زمان تاکنون بیش از 50 کتاب برای کودکان تصویرگری کرده است. ""صخره قرمز بزرگ"" اولین کتاب مصور کودک او توسط نویسنده است."
70159,آلن اسکینز,آلن اسکینز (متولد ۱۹۶۳)  یک وکیل مدافع آمریکایی است که رمان‌های معمایی، هیجان‌انگیز و تعلیقی می‌نویسد.اسکنز در میسوری بزرگ شد و اکنون در مینه‌سوتا زندگی می‌کند.او مدرک کارشناسی ارشد هنرهای زیبا را از دانشگاه ایالتی مینه سوتا دریافت کرد. او همچنین دارای مدرک روزنامه نگاری از دانشگاه مینه سوتا و مدرک دکترای حقوقی از دانشکده حقوق دانشگاه هملین است. علاوه بر برنامه های مدرک رسمی، او در جشنواره نوشتن تابستانی آیووا و مرکز ادبی Loft در مینیاپولیس شرکت کرده است.علاوه بر نوشتن، اسکینز به عنوان وکیل مدافع جنایی کار می کند.
17306,دیان دیسلورایان,"دیان دیسلورایان متولد بروکلین، نیویورک، پیش از کار برای هالمارک کارت، در دانشکده هنرهای تجسمی شرکت کرد. کتاب های مصور برنده جایزه او از سال 1980 منتشر شده است که شامل نویسندگان مشهور، بورلی کلیرلی، مری پاپ آزبورن، ژان فریتز، جین اوکانر، پاتریشیا ریلی گیف، ژان مرزلو و امی هست است. نویسنده و تصویرگر، موضوع مارک تجاری ""کمک به محلات"" را در قسمت Reading Rainbow ، (عمو ویلی و آشپزخانه سوپ) و تولیدات تئاتر ، (شهر سبز) به نمایش گذاشته است. او بخاطر کتابش، فروشگاه بزرگ پدربزرگ، از ایالت نیوجرسی تحسین کنگره دریافت کرد، داستانی که باعث می شود ""کودکان ... بفهمند که آنها همیشه بی قدرت نیستند، می توانند تغییر کنند."""
26422,جیمز وارن,جیمز وارن متولد سال 1974 ، استاد فلسفه باستان در کالج کورپوس کریستی و نویسنده می باشد.
26020,جمشید شیخ لارآبادی,جمشید شیخ لارآبادی متولد سال 1346، نویسنده ایرانی است.
12,پاتریک مودیانو,مودیانو از مادری بلژیکی و پدری یهودی اهل ایتالیا در سال ۱۹۴۵ به دنیا آمده است. وی از چهره های نوجوی ادبیات مدرن فرانسه شناخته میشود که آثارش هم تحسین منتقدان ادبی را برانگیخته و هم خوانندگان فراوان دارد. مودیانو از نویسندگان پرکار به شمار می رود و برخی از کارهای او به فیلم نیز برگشته است. جایزه ی بزرگ آکادمی فرانسه برای ادبیات در سال ۱۹۷۲ نصیب وی شد. در سال ۱۹۷۸، جایزه ی معتبر فرانسوی گنکور را برای رمان خیابان بوتیکهای خاموش دریافت کرد. در سالهای اخیر رمانهای «میدان اتوال»، «در کافه جوانی گمشده» و «افق» از این نویسنده منتشر شده است. پاتریک مودیانو در ایران نیز کمابیش شناخته شده است و چندین عنوان از آثار او به فارسی ترجمه شده است. او در سال ۲۰۱۰ برنده ی جایزه ی دل دوکای انستیتوی فرانسه برای یک عمر تلاش حرفه ای خود شد. مودیانو در سال ۲۰۱۲ نیز موفق به کسب جایزه ی دولتی اتریش برای ادبیات اروپا شد. پاتریک مودیانو در روز پنج شنبه ۹ اکتبر ۲۰۱۴ راس ساعت ۱۳ به وقت محلی، از سوی آکادمی نوبل به عنوان برنده ی جایزه نوبل ادبیات اعلام شد.
345,یاکوب آرژونی,یاکوب آرژونی با نام اصلی یاکوب میکلسن،در ۸ اکتبر ۱۹۶۴ در فرانکفورت متولد شد. هنگامی که او برای نخستین بار با نگارش رمان «تولدت مبارک، ترک!» در سال (۱۹۸۵) شخصیت کارآگاه خصوصی فرانکفورتی «کمال کایان کایا» را خلق کرد، تنها ۲۱ سال سن داشت. این رمان سال ۱۹۹۱ به کارگردانی دوریس دوری در قالب فیلم سینمایی بر پرده رفت. آرژونی پس از آن ماجراهای این کارآگاه خصوصی را ادامه داد. وی پاییز ۲۰۱۲ پنجمین جلد از مجموعه داستان های این کارگاه ترک آلمانی را با نام «برادر کمال» منتشر کرد.آرژونی در کنار نمایش نامه هایش به نگارش آثار دیگری نیز همت گمارد که رمان های «هوفن سحرآمیز» (۱۹۹۶)، «احمق. پنج داستان» (۲۰۰۳)، «تکالیف» (۲۰۰۴)، «چز مکس» (۲۰۰۶)و «ادی مقدس» (۲۰۰۹) از جمله ی آن ها بودند.آرژونی سه شنبه شب ۱۷ ژانویه ۲۰۱۳ در سن ۴۸ سالگی در اثر بیماری سرطان در شهر برلین درگذشت.
681,راینر ماریا ریلکه,رنه کارل ویلهلم ماریا ریلکه، زاده ی 4 دسامبر 1875 و درگذشته ی 29 دسامبر 1926، شاعر و رمان نویس چک/اتریشی بود.او در شهر پراگ چشم به جهان گشود و دوران کودکی چندان شاد و خوشحالی نداشت.پدر و مادر ریلکه در سال 1884 از هم جدا شدند و او را وادار به ورود به دانشگاه نظامی کردند. ریلکه سال های 1886 تا 1891 را در این دانشگاه گذراند و به علت بیماری آن جا را ترک کرد. او پس از 4 سال تلاش برای گذراندن امتحان ورودی دانشگاه، سرانجام موفق به این کار شد و در پراگ و مونیخ، به تحصیل ادبیات، تاریخ و فلسفه مشغول گشت.آثار به جای مانده از او شامل یک رمان، چندین مجموعه شعر و برخی مکاتبات است که در آن ها درباره ی عصر بی باوری، انزوا و اضطراب های شدید سخن گفته است.رنه ماریا ریلکه، به علت سرطان خون با چشمانی باز در آغوش دکتر معالج خود در سوییس درگذشت.
31297,مری آماتو,مری آماتو (متولد 3 ژانویه 1961 ، بلویدر ، ایلینوی ، ایالات متحده) نویسنده، ترانه سرا و شاعر برنده جایزه کتاب کودکان و YA است که در مریلند زندگی می کند. کتابهای او به زبانهای خارجی ترجمه شده است، برای تلویزیون انتخاب شده است و روی صحنه تولید شده است.
24833,رها زادمهر,رها زادمهر متولد سال 1350 ، نویسنده ی کتاب های کودک می باشد.
19936,برنیس رنو,برنیس رنو نویسنده Nouvelles Chines ، سینماهای نو (1999) است و در طیف وسیعی از نشریات بین المللی درباره سینمای چین مطالب زیادی نوشت. او در انستیتوی هنر کالیفرنیا تدریس می کند.
85,رومن رولان,رومن رولان، زاده ی ۲۶ ژانویه ۱۸۶۶، درگذشته ی ۳۰ دسامبر ۱۹۴۴، نویسنده ی فرانسوی بود. او در سال ۱۸۶۶ در شهر کلامسی، در ایالت بورگونی، در خانواده ی بورژوآی مرفهی به دنیا آمد.در چهارده سالگی به همراه خانواده اش برای تحصیل راهی پاریس شد. در نوجوانی با افکار باروخ اسپینوزا آشنا شد و لئو تولستوی را کشف کرد. در ۱۸۸۹ در رشته ی تاریخ ادامه تحصیل داد و در ۱۸۹۵ به رم رفت و در رشته ی هنر مدرک دکترا گرفت.او دوبار ازدواج کرد. بار اول در ۱۸۹۲ با کلوتیلد برئال که نه سال بیشتر دوام نیاورد و بار دیگر پس از سی و سه سال تنهایی در ۱۹۳۴ با ماری کوادچف ازدواج کرد که این ازدواج تا پایان عمر رومن ادامه یافت.رومن رولان در سال ۱۹۱۰ مفتخر به دریافت نشان لژیون دونور (بالاترین مدال افتخار فرانسه) شد و در سال ۱۹۱۳ جایزه بزرگ آکادمی فرانسه را به دست آورد. در سال ۱۹۱۵ نیز جایزه ی ادبی نوبل را به دست آورد.
33432,فرانک دارابانت,فرانک دارابونت (Frank Darabont) کارگردان، فیلم‌نامه‌نویس و تهیه‌کنندهٔ آمریکایی است که ۳ بار برای جایزه اسکار و ۱ بار برای جایزه گلدن گلوب نامزد شده‌است. او فیلم‌های رستگاری در شاوشنک، مسیر سبز و مه را کارگردانی کرده که هر سه آن‌ها بر اساس داستان‌هایی از استیون کینگ ساخته شده‌اند. وی در سال ۲۰۱۰ تهیه‌کنندگی و کارگردانی اولین قسمت از مجموعه تلویزیونی مردگان متحرک برای شبکه تلویزیونی ای‌ام‌سی را بر عهده داشت.
